horizon_hours,threshold_source,target_validation_alert_fraction,achieved_validation_alert_fraction,threshold,tp_ipcw,tn_ipcw,fp_ipcw,fn_ipcw,tss,hss2,far,precision,recall,f1,alert_fraction,known_count,auc,average_precision
12.0,primary_tss,,0.1636904761904762,0.06808501227222152,53.70379373577516,1130.4774450131576,72.8989305253913,5.217597577898701,0.8508694988053156,0.5502920532924468,0.575808545596613,0.4241914544033869,0.9114481606498003,0.5789413798780363,0.10232158211521926,1163,0.9674676533108009,0.7304884924909875
12.0,validation_alert_load,0.01,0.010416666666666666,0.08536672585625614,13.351866794868295,1203.376375538549,0.0,45.56952451880556,0.22660474400185682,0.35841774361770695,0.0,1.0,0.22660474400185684,0.3694829081820571,0.01117798796216681,1163,0.9674676533108009,0.7304884924909875
12.0,validation_alert_load,0.025,0.025297619047619048,0.08302898949997257,19.571619604018288,1201.200288060179,2.17608747836989,39.34977170965556,0.3303566080498743,0.4719420146545581,0.10006054753846387,0.8999394524615361,0.3321649263138889,0.4852321395220578,0.018056749785038694,1163,0.9674676533108009,0.7304884924909875
12.0,validation_alert_load,0.05,0.050595238095238096,0.08076327248651452,25.81533708001255,1194.6720256250694,8.70434991347956,33.10605423366131,0.4308985582610618,0.5365648977076682,0.2521561077631024,0.7478438922368977,0.4381318313171195,0.5525479274789744,0.028374892519346516,1163,0.9674676533108009,0.7304884924909875
12.0,validation_alert_load,0.1,0.10119047619047619,0.07760746524132696,40.32330992551177,1182.703544494035,20.67283104451395,18.598081388162086,0.6671787118828454,0.6561914241910733,0.33892031062543515,0.6610796893745648,0.6843577353909829,0.672517340168664,0.04987102321582115,1163,0.9674676533108009,0.7304884924909875
12.0,validation_alert_load,0.2,0.20089285714285715,0.06519857763114012,54.76231190937444,1073.8991705755407,129.47720496300843,4.159079404299412,0.8218181455084592,0.4085871738899432,0.7027656561469023,0.29723434385309766,0.92941308221732,0.4504203600643946,0.14789337919174547,1163,0.9674676533108009,0.7304884924909875
24.0,primary_tss,,0.1636904761904762,0.09453867904316338,60.49816954390903,1110.988671943851,70.16770559645377,8.618426443041173,0.8159000359232389,0.5749004847323189,0.5370009998484976,0.4629990001515024,0.8753059765172984,0.605640416824718,0.10966542750929369,1076,0.9628458860359275,0.7330649270007469
24.0,validation_alert_load,0.01,0.010416666666666666,0.11809727502418282,13.351866794868295,1181.1563775403047,0.0,55.764729192081894,0.19317888278799566,0.31148066122997725,0.0,1.0,0.19317888278799555,0.323805400136837,0.012081784386617101,1076,0.9628458860359275,0.7330649270007469
24.0,validation_alert_load,0.025,0.025297619047619048,0.11492099663063217,20.678880462669305,1179.9869157803637,1.1694617599408959,48.4377155242809,0.29819825318518745,0.43977920914065316,0.05352633842995441,0.9464736615700456,0.2991883521950886,0.45465606572568323,0.019516728624535316,1076,0.9628458860359275,0.7330649270007469
24.0,validation_alert_load,0.05,0.050595238095238096,0.1118394148444801,26.922597938663564,1172.9701452207182,8.18623231958627,42.19399804828663,0.3825936686881324,0.49792338081393384,0.23316733310027263,0.7668326668997273,0.3895243617574393,0.5166224578506523,0.03066914498141264,1076,0.9628458860359275,0.7330649270007469
24.0,validation_alert_load,0.1,0.10119047619047619,0.10754205809995157,43.74907916882546,1162.4449893812503,18.711388159054334,25.367516818124734,0.6171334422315651,0.6464389896895111,0.29957169645931125,0.7004283035406887,0.6329750263899812,0.6649955253089239,0.05390334572490706,1076,0.9628458860359275,0.7330649270007469
24.0,validation_alert_load,0.2,0.20089285714285715,0.0905863554477438,62.69534830020102,1056.023969226629,125.13240831367588,6.421247686749176,0.8011548351199831,0.4429885784180693,0.66620828875103,0.33379171124897006,0.907095429179389,0.48800720985372775,0.15520446096654275,1076,0.9628458860359275,0.7330649270007469
48.0,primary_tss,,0.1636904761904762,0.11959309279005836,70.2153023767611,1083.0127607971986,58.32626863534486,13.580820065232254,0.7868268406510428,0.6307796513452587,0.4537541293147236,0.5462458706852763,0.8379302088275817,0.6613550447362226,0.11714589989350373,939,0.9425683516295488,0.7560936443595929
48.0,validation_alert_load,0.01,0.010416666666666666,0.14886346705589906,13.351866794868295,1141.3390294325434,0.0,70.44425564712506,0.15933752548169444,0.26098268011455367,0.0,1.0,0.15933752548169433,0.2748768533399986,0.013844515441959531,939,0.9425683516295488,0.7560936443595929
48.0,validation_alert_load,0.025,0.025297619047619048,0.1449298444622331,21.930007154120496,1141.3390294325434,0.0,61.86611528787286,0.2617067056927511,0.3977572866416032,0.0,1.0,0.2617067056927511,0.41484554930546835,0.022364217252396165,939,0.9425683516295488,0.7560936443595929
48.0,validation_alert_load,0.05,0.050595238095238096,0.14110968541036814,30.621357617839266,1136.0366413747847,5.302388057758622,53.174764824154096,0.3607811435747921,0.4906423492406913,0.1476012024369832,0.852398797563017,0.3654269043181139,0.5115501394933438,0.03514376996805112,939,0.9425683516295488,0.7560936443595929
48.0,validation_alert_load,0.1,0.10119047619047619,0.13577610659522574,49.94603929313524,1128.0830592881468,13.255970144396555,33.85008314885812,0.5844279666619057,0.6595212891781138,0.2097396943921319,0.7902603056078681,0.59604236852021,0.6795465854500706,0.06070287539936102,939,0.9425683516295488,0.7560936443595929
48.0,validation_alert_load,0.2,0.20089285714285715,0.11466126131128568,72.4124811330531,1031.314477234052,110.02455219849139,11.383641308940257,0.76775120356975,0.49680929071089447,0.6030823358026369,0.396917664197363,0.8641507389936758,0.5439779348493191,0.16080937167199147,939,0.9425683516295488,0.7560936443595929
72.0,primary_tss,,0.1636904761904762,0.13705551812782457,73.00374855556582,1098.012714233957,57.23523064594015,18.018000014802887,0.752503632933438,0.6278951469933669,0.4394631391987932,0.5605368608012068,0.8020473095957587,0.6598888947959576,0.12470588235294118,850,0.9275803439397109,0.7660429075703068
72.0,validation_alert_load,0.01,0.010416666666666666,0.17017023359594968,13.351866794868295,1155.2479448798972,0.0,77.66988177550041,0.14668875301319884,0.24167759929243307,0.0,1.0,0.14668875301319878,0.2558475482169665,0.015294117647058824,850,0.9275803439397109,0.7660429075703068
72.0,validation_alert_load,0.025,0.025297619047619048,0.16573025052803317,21.930007154120496,1155.2479448798972,0.0,69.09174141624823,0.24093150811277209,0.37045345279708125,0.0,1.0,0.24093150811277214,0.3883075037383562,0.024705882352941175,850,0.9275803439397109,0.7660429075703068
72.0,validation_alert_load,0.05,0.050595238095238096,0.16141526194556582,33.40980379664399,1152.2355643195847,3.01238056031264,57.611944773724716,0.3644454152038301,0.503582711015138,0.08270730087986268,0.9172926991201372,0.36705297713342594,0.5243059128706561,0.03882352941176471,850,0.9275803439397109,0.7660429075703068
72.0,validation_alert_load,0.1,0.10119047619047619,0.15538576961136277,52.734485471939976,1144.704612918803,10.543331961094239,38.28726309842875,0.5702349089639009,0.6633685161730578,0.16661971586254629,0.8333802841374537,0.5793613757174864,0.6835338146158747,0.06588235294117648,850,0.9275803439397109,0.7660429075703068
72.0,validation_alert_load,0.2,0.20089285714285715,0.13145871822354305,76.65432027745358,1048.3084349887986,106.9395098910987,14.367428292915141,0.7495854485780478,0.5104601805762674,0.582478778251538,0.41752122174846196,0.8421538970786997,0.5582663636889253,0.16705882352941176,850,0.9275803439397109,0.7660429075703068
144.0,primary_tss,,0.1636904761904762,0.17206485787964076,83.06673177257396,1032.0045742459583,51.49295172952807,28.66836364038481,0.6959008602704151,0.6375028980349519,0.38267741413588924,0.6173225858641109,0.7434256127456627,0.6745310001169048,0.16333333333333333,600,0.9203059516733018,0.7912116212764406
144.0,validation_alert_load,0.01,0.010416666666666666,0.21254126634212578,13.351866794868295,1083.4975259754865,0.0,98.38322861809047,0.1194957300167998,0.19746509287221284,0.0,1.0,0.11949573001679988,0.2134813502415175,0.021666666666666667,600,0.9203059516733018,0.7912116212764406
144.0,validation_alert_load,0.025,0.025297619047619048,0.20714015340422062,21.930007154120496,1083.4975259754865,0.0,89.80508825883827,0.19626785186042017,0.30687175052477184,0.0,1.0,0.1962678518604201,0.3281336225080142,0.035,600,0.9203059516733018,0.7912116212764406
144.0,validation_alert_load,0.05,0.050595238095238096,0.2018833518400537,33.40980379664399,1083.4975259754865,0.0,78.32529161631477,0.2990090416369682,0.4360962596663703,0.0,1.0,0.2990090416369681,0.46036483512103477,0.051666666666666666,600,0.9203059516733018,0.7912116212764406
144.0,validation_alert_load,0.1,0.10119047619047619,0.19452509642574575,58.06893090688272,1079.2064466646925,4.291079310794006,53.66616450607604,0.5157414102037012,0.6431990357353607,0.06881139524857946,0.9311886047514206,0.5197018062433052,0.6670943527853471,0.09,600,0.9203059516733018,0.7912116212764406
144.0,validation_alert_load,0.2,0.20089285714285715,0.16518015441482437,89.92525217073512,997.6759397596063,85.82158621588013,21.809843242223653,0.7255996630595547,0.5772908639979737,0.4883250646426208,0.5116749353573792,0.8048075838516339,0.6256062840695166,0.19833333333333333,600,0.9203059516733018,0.7912116212764406
