split_mode,primary,comparator,seed,metric,improvement_definition,bootstrap_replicates,mean_improvement,std_improvement,ci_lower_2.5,ci_upper_97.5
chronological,tim_sfsa,linear_cox,2345,harrell_c_index,primary_minus_comparator,997,-0.0014494016779792176,0.008655363774203746,-0.02164143859720051,0.015034247068763698
chronological,tim_sfsa,linear_cox,2345,uno_c_index,primary_minus_comparator,997,0.04496947026339812,0.05003791550723701,-0.022635283859133624,0.15939429021738588
chronological,tim_sfsa,linear_cox,2345,integrated_auc,primary_minus_comparator,992,-0.007351969483328021,0.00844150318775086,-0.031176850147045125,1.4732483309523657e-05
chronological,tim_sfsa,linear_cox,2345,integrated_brier_score,comparator_minus_primary,1000,-0.00031414125214673436,0.0012883219056528796,-0.003039284974241769,0.0019236736314147916
chronological,tim_sfsa,linear_cox,2345,24h_tss,primary_minus_comparator,1000,-0.007295534413002822,0.013846615491839095,-0.03558869088554,0.01993209005643439
chronological,tim_sfsa,linear_cox,2345,24h_hss2,primary_minus_comparator,1000,-0.014597733035155219,0.03155750757528765,-0.07675829742766087,0.0506845016830941
chronological,tim_sfsa,linear_cox,2345,24h_bss,primary_minus_comparator,1000,-0.039086274405004874,0.04117757356076882,-0.10582031565592036,0.04847745341667817
chronological,tim_sfsa,linear_cox,2345,48h_tss,primary_minus_comparator,1000,-0.0684497457538206,0.017575486611934203,-0.10316515426497277,-0.034902254536311246
chronological,tim_sfsa,linear_cox,2345,48h_hss2,primary_minus_comparator,1000,-0.12090064957985333,0.046127491787846524,-0.2091441216617091,-0.028013203550435333
chronological,tim_sfsa,linear_cox,2345,48h_bss,primary_minus_comparator,1000,-0.018594852752115667,0.03305787716612904,-0.08222808648886852,0.05060679028621982
chronological,tim_sfsa,linear_cox,2346,harrell_c_index,primary_minus_comparator,998,6.794023522109747e-05,0.0070239787451379845,-0.013543097487126782,0.015594762429154566
chronological,tim_sfsa,linear_cox,2346,uno_c_index,primary_minus_comparator,998,0.04748045501488093,0.0532221988342726,-0.017602949469695196,0.17496428927006824
chronological,tim_sfsa,linear_cox,2346,integrated_auc,primary_minus_comparator,986,-0.005472633855051624,0.005669014663999083,-0.02080399377338596,0.0
chronological,tim_sfsa,linear_cox,2346,integrated_brier_score,comparator_minus_primary,1000,-0.0008158451581762935,0.0015069317081706638,-0.00405819467024539,0.001754640097657189
chronological,tim_sfsa,linear_cox,2346,24h_tss,primary_minus_comparator,1000,-0.001742127379271802,0.013803114592658223,-0.02728793511321399,0.025509144435706746
chronological,tim_sfsa,linear_cox,2346,24h_hss2,primary_minus_comparator,1000,-0.0038990928993079483,0.03260076831333107,-0.07054994369596355,0.06328530683159092
chronological,tim_sfsa,linear_cox,2346,24h_bss,primary_minus_comparator,1000,-0.04256405609052508,0.04768709403751234,-0.12689206179546247,0.061963026458684116
chronological,tim_sfsa,linear_cox,2346,48h_tss,primary_minus_comparator,1000,-0.05973744789141765,0.017185796239147712,-0.0943396226415092,-0.02761309815449956
chronological,tim_sfsa,linear_cox,2346,48h_hss2,primary_minus_comparator,1000,-0.11054426676202264,0.04461126699056439,-0.19831483253199092,-0.02015956356224972
chronological,tim_sfsa,linear_cox,2346,48h_bss,primary_minus_comparator,1000,-0.031609765496990946,0.03778954383015857,-0.11182120299719535,0.048568667910243474
chronological,tim_sfsa,linear_cox,2347,harrell_c_index,primary_minus_comparator,999,0.001868297499747255,0.006963966423523449,-0.011508541877624439,0.016502857475605315
chronological,tim_sfsa,linear_cox,2347,uno_c_index,primary_minus_comparator,999,0.04866894870787978,0.040485117994911,-0.005461109541457997,0.14950302196773144
chronological,tim_sfsa,linear_cox,2347,integrated_auc,primary_minus_comparator,995,-0.006111553311720212,0.00797455222611925,-0.027729058992453825,0.00015238251120326394
chronological,tim_sfsa,linear_cox,2347,integrated_brier_score,comparator_minus_primary,1000,-0.0011229318587650538,0.001656421684120561,-0.004551851742702601,0.0017476551243833537
chronological,tim_sfsa,linear_cox,2347,24h_tss,primary_minus_comparator,1000,0.0821210932931819,0.011253183577270405,0.05881830529725223,0.10508341782652765
chronological,tim_sfsa,linear_cox,2347,24h_hss2,primary_minus_comparator,999,0.35248243007228136,0.08477629750947278,0.19552447987866295,0.51912261495099
chronological,tim_sfsa,linear_cox,2347,24h_bss,primary_minus_comparator,1000,-0.04475781762281108,0.049757909824975875,-0.11944806117623369,0.06793671074517801
chronological,tim_sfsa,linear_cox,2347,48h_tss,primary_minus_comparator,1000,-0.06092021995765064,0.016157481095404554,-0.0929752066115701,-0.030548345834782328
chronological,tim_sfsa,linear_cox,2347,48h_hss2,primary_minus_comparator,1000,-0.11326338107532058,0.04362884481913086,-0.19862497323088565,-0.028497585434223205
chronological,tim_sfsa,linear_cox,2347,48h_bss,primary_minus_comparator,1000,-0.037456857523399716,0.03816783761814418,-0.12072317780817207,0.04377818455576633
chronological,tim_sfsa,logistic,2345,harrell_c_index,primary_minus_comparator,997,0.009255176820823125,0.010149223474143466,-0.0016185962012995824,0.031864049086904475
chronological,tim_sfsa,logistic,2345,uno_c_index,primary_minus_comparator,997,0.06606903593534616,0.06602189492491098,-0.02192521506684254,0.21408625989279276
chronological,tim_sfsa,logistic,2345,integrated_auc,primary_minus_comparator,992,-0.00047649947056316007,0.00332960035023864,-0.005840866555779975,0.005883257998361958
chronological,tim_sfsa,logistic,2345,integrated_brier_score,comparator_minus_primary,1000,0.0013337766094714345,0.001411921414503357,-0.0016086052836348384,0.003836571191728177
chronological,tim_sfsa,logistic,2345,24h_tss,primary_minus_comparator,1000,0.046523248564824114,0.17192639155905143,-0.09842132438777207,0.5433048536218439
chronological,tim_sfsa,logistic,2345,24h_hss2,primary_minus_comparator,997,-0.31683475735753835,0.13290415992580942,-0.5263091316469869,0.05657148470179286
chronological,tim_sfsa,logistic,2345,24h_bss,primary_minus_comparator,1000,-0.030732000824203014,0.04038772447404382,-0.09394451816121428,0.05958329204452385
chronological,tim_sfsa,logistic,2345,48h_tss,primary_minus_comparator,1000,-0.11997973278437842,0.017603194834946,-0.15480538583389888,-0.0865863510352596
chronological,tim_sfsa,logistic,2345,48h_hss2,primary_minus_comparator,1000,-0.287869411215578,0.07418828309683517,-0.3978157259918593,-0.0896991753285858
chronological,tim_sfsa,logistic,2345,48h_bss,primary_minus_comparator,1000,-0.00723475903480076,0.033810230775644774,-0.0580568119271994,0.069081077351024
chronological,tim_sfsa,logistic,2346,harrell_c_index,primary_minus_comparator,998,0.009703801864231315,0.01005370647275638,-0.001603775817084435,0.03555508559639143
chronological,tim_sfsa,logistic,2346,uno_c_index,primary_minus_comparator,998,0.06903567651930714,0.07161048709935196,-0.023013322192321668,0.2324394491027417
chronological,tim_sfsa,logistic,2346,integrated_auc,primary_minus_comparator,986,0.00025097539223053035,0.003377372617418738,-0.005091694848651948,0.008337807371351952
chronological,tim_sfsa,logistic,2346,integrated_brier_score,comparator_minus_primary,1000,0.0008368122127552356,0.0016745485386425926,-0.0026627837909659474,0.003728582345568782
chronological,tim_sfsa,logistic,2346,24h_tss,primary_minus_comparator,1000,0.046115603336413645,0.1780925685084944,-0.09623805451659473,0.5851159238800057
chronological,tim_sfsa,logistic,2346,24h_hss2,primary_minus_comparator,998,-0.31086360533637214,0.13524388007487292,-0.5160955197226885,0.05467967817051888
chronological,tim_sfsa,logistic,2346,24h_bss,primary_minus_comparator,1000,-0.03488815286012932,0.04836562069762976,-0.11080874841936408,0.07138995231790123
chronological,tim_sfsa,logistic,2346,48h_tss,primary_minus_comparator,1000,-0.11092866934318023,0.016677031949878043,-0.14372101308864496,-0.07915719696969713
chronological,tim_sfsa,logistic,2346,48h_hss2,primary_minus_comparator,1000,-0.2776445502500324,0.07323454998552882,-0.38940524813447497,-0.09646402558006037
chronological,tim_sfsa,logistic,2346,48h_bss,primary_minus_comparator,1000,-0.020819447725491012,0.037934890723023924,-0.08899868209131401,0.06580635171587727
chronological,tim_sfsa,logistic,2347,harrell_c_index,primary_minus_comparator,999,0.011676675553691781,0.008217890026106062,0.0030880267773663373,0.03268389880081869
chronological,tim_sfsa,logistic,2347,uno_c_index,primary_minus_comparator,999,0.07084092285122112,0.0576352266449681,-0.002136588590072858,0.21197093839295333
chronological,tim_sfsa,logistic,2347,integrated_auc,primary_minus_comparator,995,-0.00024162218949708115,0.0023162527755479947,-0.0036622135809235676,0.004141265373314273
chronological,tim_sfsa,logistic,2347,integrated_brier_score,comparator_minus_primary,1000,0.00047717594277335324,0.0018015041816507782,-0.0033875338315361094,0.003815856595284356
chronological,tim_sfsa,logistic,2347,24h_tss,primary_minus_comparator,1000,0.1362598994743628,0.18247242443651074,0.0,0.6432875429159735
chronological,tim_sfsa,logistic,2347,24h_hss2,primary_minus_comparator,999,0.05763695930054924,0.0889120321269412,0.0,0.3659620975343393
chronological,tim_sfsa,logistic,2347,24h_bss,primary_minus_comparator,1000,-0.03595022535266921,0.05035481679258875,-0.10669382800810558,0.08068019272845325
chronological,tim_sfsa,logistic,2347,48h_tss,primary_minus_comparator,1000,-0.11281223369700516,0.01676143090934168,-0.14609293262188727,-0.08008646897250583
chronological,tim_sfsa,logistic,2347,48h_hss2,primary_minus_comparator,1000,-0.2818255940781442,0.07059563995459966,-0.38641881345948387,-0.09618538872582892
chronological,tim_sfsa,logistic,2347,48h_bss,primary_minus_comparator,1000,-0.026845330158452644,0.03968301523202713,-0.09417968700306875,0.06671867303056973
chronological,tim_sfsa,lstm_classifier,2345,harrell_c_index,primary_minus_comparator,997,0.013133670670211539,0.011670054990002168,-0.0014466064005649645,0.03964361701452584
chronological,tim_sfsa,lstm_classifier,2345,uno_c_index,primary_minus_comparator,997,0.027433354988934865,0.0359686231334375,-0.046927641647285044,0.09891265247821324
chronological,tim_sfsa,lstm_classifier,2345,integrated_auc,primary_minus_comparator,992,0.006264066281291114,0.005904399443237332,-0.004283596166511083,0.019584477372529798
chronological,tim_sfsa,lstm_classifier,2345,integrated_brier_score,comparator_minus_primary,1000,0.0015332115065991503,0.0017343424803578273,-0.0009352650459440393,0.005478889299065487
chronological,tim_sfsa,lstm_classifier,2345,24h_tss,primary_minus_comparator,1000,0.04488025924595874,0.00997820976918204,0.025221834737963945,0.06469273055464381
chronological,tim_sfsa,lstm_classifier,2345,24h_hss2,primary_minus_comparator,1000,0.07580434360304501,0.03439837008659452,0.011004432238622613,0.13965375947414196
chronological,tim_sfsa,lstm_classifier,2345,24h_bss,primary_minus_comparator,1000,0.046394587307485906,0.039435236446901605,-0.030762198342395054,0.10094712243604853
chronological,tim_sfsa,lstm_classifier,2345,48h_tss,primary_minus_comparator,1000,0.026737405821421086,0.008495562980199932,0.010457543941717029,0.044496099479302366
chronological,tim_sfsa,lstm_classifier,2345,48h_hss2,primary_minus_comparator,1000,0.032160284173169594,0.015190870521565878,0.005100610292761273,0.06307606108390366
chronological,tim_sfsa,lstm_classifier,2345,48h_bss,primary_minus_comparator,1000,0.02986353582307256,0.03141685999663826,-0.02795929485273855,0.08096632827938689
chronological,tim_sfsa,lstm_classifier,2346,harrell_c_index,primary_minus_comparator,998,0.0105841907096307,0.013562745607751503,-0.010954035960511496,0.03846255231159463
chronological,tim_sfsa,lstm_classifier,2346,uno_c_index,primary_minus_comparator,998,0.005441059891559813,0.046099159380320186,-0.0904775083849981,0.0975600718405263
chronological,tim_sfsa,lstm_classifier,2346,integrated_auc,primary_minus_comparator,986,0.007910515595438665,0.006600372171987009,-0.00465089869648698,0.020766704223546942
chronological,tim_sfsa,lstm_classifier,2346,integrated_brier_score,comparator_minus_primary,1000,0.0021463123849729637,0.002329369653568452,-0.0014453979527935708,0.007522832293157222
chronological,tim_sfsa,lstm_classifier,2346,24h_tss,primary_minus_comparator,1000,-0.008721380438967924,0.024568671602305133,-0.05367575561137684,0.03203049306063156
chronological,tim_sfsa,lstm_classifier,2346,24h_hss2,primary_minus_comparator,1000,-0.08475392475555693,0.04123376114502724,-0.16973029845803994,-0.010505380237360376
chronological,tim_sfsa,lstm_classifier,2346,24h_bss,primary_minus_comparator,1000,0.06486749081339727,0.03902734091036766,-0.021860627519081112,0.122126162278276
chronological,tim_sfsa,lstm_classifier,2346,48h_tss,primary_minus_comparator,1000,0.0604828601624943,0.021306807958850548,0.022624581396511172,0.09615690799491419
chronological,tim_sfsa,lstm_classifier,2346,48h_hss2,primary_minus_comparator,1000,0.05410840119400438,0.02453350342782406,0.007073098607023162,0.10071352124884606
chronological,tim_sfsa,lstm_classifier,2346,48h_bss,primary_minus_comparator,1000,0.028898354031725363,0.05094640854791352,-0.06989962360210976,0.10598382000813018
chronological,tim_sfsa,lstm_classifier,2347,harrell_c_index,primary_minus_comparator,999,0.01451499973162706,0.009580068152628442,-0.0002855516080845166,0.03932898900858148
chronological,tim_sfsa,lstm_classifier,2347,uno_c_index,primary_minus_comparator,999,0.013465793178695356,0.03839257124476755,-0.07261291763320048,0.08099568152210306
chronological,tim_sfsa,lstm_classifier,2347,integrated_auc,primary_minus_comparator,995,0.007431784204834451,0.005261237187987248,-0.0011146391081248096,0.01651864319733709
chronological,tim_sfsa,lstm_classifier,2347,integrated_brier_score,comparator_minus_primary,1000,0.0013075907900301732,0.0019513356447456345,-0.001959176004223995,0.0058233607041892465
chronological,tim_sfsa,lstm_classifier,2347,24h_tss,primary_minus_comparator,1000,0.10470911349594804,0.025363240860473497,0.05882091270671949,0.14526723687542634
chronological,tim_sfsa,lstm_classifier,2347,24h_hss2,primary_minus_comparator,999,0.35422445121459795,0.08472025696497941,0.19390464174453703,0.5264654097350029
chronological,tim_sfsa,lstm_classifier,2347,24h_bss,primary_minus_comparator,1000,0.06613754766384969,0.03811909099946499,-0.014367423497414766,0.12362955612419436
chronological,tim_sfsa,lstm_classifier,2347,48h_tss,primary_minus_comparator,1000,0.020090720828255904,0.008945759930203091,0.0020743679685160553,0.037038946162657446
chronological,tim_sfsa,lstm_classifier,2347,48h_hss2,primary_minus_comparator,1000,0.02671930302513983,0.014961532152592912,0.0015726935397446407,0.057073519880753466
chronological,tim_sfsa,lstm_classifier,2347,48h_bss,primary_minus_comparator,1000,0.013685342829635001,0.03883972780529797,-0.0723776164578512,0.07296415789644543
chronological,tim_sfsa,svm,2345,harrell_c_index,primary_minus_comparator,997,0.04386939028203385,0.054741200877955386,-0.003850758005105337,0.18242223571366628
chronological,tim_sfsa,svm,2345,uno_c_index,primary_minus_comparator,997,0.03178075096036619,0.09965167766301958,-0.1852182981328675,0.21977370731397924
chronological,tim_sfsa,svm,2345,integrated_auc,primary_minus_comparator,992,0.02450176299473007,0.024400666276322383,0.0004902125660782076,0.09505485218714523
chronological,tim_sfsa,svm,2345,integrated_brier_score,comparator_minus_primary,1000,5.48956684324689e-05,0.0011195747141863556,-0.0022998147371426094,0.002027940010353567
chronological,tim_sfsa,svm,2345,24h_tss,primary_minus_comparator,1000,0.046523248564824114,0.17192639155905143,-0.09842132438777207,0.5433048536218439
chronological,tim_sfsa,svm,2345,24h_hss2,primary_minus_comparator,997,-0.31683475735753835,0.13290415992580942,-0.5263091316469869,0.05657148470179286
chronological,tim_sfsa,svm,2345,24h_bss,primary_minus_comparator,1000,0.039856053219081373,0.07232669067549306,-0.053047265831994074,0.20734118290823497
chronological,tim_sfsa,svm,2345,48h_tss,primary_minus_comparator,1000,-0.14872796593962032,0.01736738239737033,-0.18300425531914855,-0.11592809364548481
chronological,tim_sfsa,svm,2345,48h_hss2,primary_minus_comparator,1000,-0.4627536497777568,0.09484824005016555,-0.6190950567004794,-0.23103645873449427
chronological,tim_sfsa,svm,2345,48h_bss,primary_minus_comparator,1000,0.020955557594500834,0.03574584855429304,-0.03278634300161097,0.09630751497402575
chronological,tim_sfsa,svm,2346,harrell_c_index,primary_minus_comparator,998,0.04629440241080327,0.05932403202364872,-0.0032569263833987392,0.18765435256413165
chronological,tim_sfsa,svm,2346,uno_c_index,primary_minus_comparator,998,0.03258182163348745,0.09887822005907387,-0.1770784811744059,0.2270825678892122
chronological,tim_sfsa,svm,2346,integrated_auc,primary_minus_comparator,986,0.024316119379809254,0.024641847167143353,0.0004049562838169679,0.09151359373338522
chronological,tim_sfsa,svm,2346,integrated_brier_score,comparator_minus_primary,1000,-0.0003971336453019561,0.0013148155500975155,-0.003176188534127271,0.0017920958918414024
chronological,tim_sfsa,svm,2346,24h_tss,primary_minus_comparator,1000,0.046115603336413645,0.1780925685084944,-0.09623805451659473,0.5851159238800057
chronological,tim_sfsa,svm,2346,24h_hss2,primary_minus_comparator,998,-0.31086360533637214,0.13524388007487292,-0.5160955197226885,0.05467967817051888
chronological,tim_sfsa,svm,2346,24h_bss,primary_minus_comparator,1000,0.04897681816226608,0.08923278504754366,-0.05802305813208196,0.2591936739174774
chronological,tim_sfsa,svm,2346,48h_tss,primary_minus_comparator,1000,-0.1400857258187487,0.016200567383438204,-0.1733663271189698,-0.10996918639089262
chronological,tim_sfsa,svm,2346,48h_hss2,primary_minus_comparator,1000,-0.45630600610268507,0.0972830677265373,-0.6117647357414072,-0.25149680961503507
chronological,tim_sfsa,svm,2346,48h_bss,primary_minus_comparator,1000,0.013067683064634388,0.03779585328818388,-0.039462962365313915,0.09539492404563343
chronological,tim_sfsa,svm,2347,harrell_c_index,primary_minus_comparator,999,0.04578412560016914,0.052836771781219524,-0.0005935077767333815,0.19045491214558163
chronological,tim_sfsa,svm,2347,uno_c_index,primary_minus_comparator,999,0.03273462364008985,0.0945916801722213,-0.17951956097857547,0.21462352593935521
chronological,tim_sfsa,svm,2347,integrated_auc,primary_minus_comparator,995,0.024226813025730126,0.024717595474674836,0.0006252129543736607,0.09564783373442075
chronological,tim_sfsa,svm,2347,integrated_brier_score,comparator_minus_primary,1000,-0.0007218243729146999,0.0015234936644507957,-0.004230494313184149,0.0017388274588668827
chronological,tim_sfsa,svm,2347,24h_tss,primary_minus_comparator,1000,0.1362598994743628,0.18247242443651074,0.0,0.6432875429159735
chronological,tim_sfsa,svm,2347,24h_hss2,primary_minus_comparator,999,0.05763695930054924,0.0889120321269412,0.0,0.3659620975343393
chronological,tim_sfsa,svm,2347,24h_bss,primary_minus_comparator,1000,0.03992880249568567,0.09084413030974223,-0.06928014700526319,0.2651576462020911
chronological,tim_sfsa,svm,2347,48h_tss,primary_minus_comparator,1000,-0.14141593482031073,0.01602937444062792,-0.17444860578215485,-0.11134442952438713
chronological,tim_sfsa,svm,2347,48h_hss2,primary_minus_comparator,1000,-0.4524878806689095,0.08629012128826881,-0.6029580917725856,-0.27358376131188983
chronological,tim_sfsa,svm,2347,48h_bss,primary_minus_comparator,1000,0.0036988883311884256,0.038004246226456165,-0.05216517702612937,0.08518223737868061
official,tim_sfsa,balanced22,2345,harrell_c_index,primary_minus_comparator,1000,-0.0002504166237825942,0.001208387202752138,-0.0025899547711689176,0.0021295251397554114
official,tim_sfsa,balanced22,2345,uno_c_index,primary_minus_comparator,1000,-0.0014904611745048442,0.0031864957892506064,-0.010082724055184938,0.0033705549398139966
official,tim_sfsa,balanced22,2345,integrated_auc,primary_minus_comparator,1000,-0.0006848134705924633,0.0013809357540183157,-0.003637198549190096,0.0019823722390143648
official,tim_sfsa,balanced22,2345,integrated_brier_score,comparator_minus_primary,1000,-0.00025725991024383454,0.0005087512905064156,-0.0012658409848303861,0.0007604797530023048
official,tim_sfsa,balanced22,2345,24h_tss,primary_minus_comparator,1000,-0.014037984692210383,0.01643998097700661,-0.05749579913847495,0.002949997820306177
official,tim_sfsa,balanced22,2345,24h_hss2,primary_minus_comparator,1000,-0.0028757401037509634,0.009881047393915812,-0.024274096154619028,0.014362579733334982
official,tim_sfsa,balanced22,2345,24h_bss,primary_minus_comparator,1000,0.0070403976422059675,0.014845817132747423,-0.02659495055062404,0.0291834320214736
official,tim_sfsa,balanced22,2345,48h_tss,primary_minus_comparator,1000,0.0018328725113735522,0.02289288213053922,-0.038089312668316805,0.054703430824736755
official,tim_sfsa,balanced22,2345,48h_hss2,primary_minus_comparator,1000,-0.008557198645051759,0.020517428627635028,-0.0490562063894209,0.03207073819034285
official,tim_sfsa,balanced22,2345,48h_bss,primary_minus_comparator,1000,-0.005160848680902586,0.011182213839789682,-0.028765893368892983,0.014100891077714539
official,tim_sfsa,balanced22,2346,harrell_c_index,primary_minus_comparator,1000,0.0012470773689048419,0.0015530721748136939,-0.0014173628527531068,0.004664806957185671
official,tim_sfsa,balanced22,2346,uno_c_index,primary_minus_comparator,1000,-0.0030047770079354172,0.009675280463534315,-0.027010930794460836,0.010683577569379593
official,tim_sfsa,balanced22,2346,integrated_auc,primary_minus_comparator,1000,-0.00016062538171477246,0.001576763473925148,-0.003606492063887956,0.0029521816266530887
official,tim_sfsa,balanced22,2346,integrated_brier_score,comparator_minus_primary,1000,-0.00039938949936124636,0.0006145666062714054,-0.001550834762289725,0.0007279397137804398
official,tim_sfsa,balanced22,2346,24h_tss,primary_minus_comparator,1000,-0.004928352814758618,0.002232686009580349,-0.009823666135544551,-0.0009832600216747257
official,tim_sfsa,balanced22,2346,24h_hss2,primary_minus_comparator,1000,-0.024985810706651797,0.012596580554892713,-0.051199346543377586,-0.004829650581280677
official,tim_sfsa,balanced22,2346,24h_bss,primary_minus_comparator,1000,0.021011133671141623,0.0149730442430991,-0.012583765482685378,0.04682332618116945
official,tim_sfsa,balanced22,2346,48h_tss,primary_minus_comparator,1000,-0.001833124887260698,0.02005513210516267,-0.025702439317997955,0.045568652740387385
official,tim_sfsa,balanced22,2346,48h_hss2,primary_minus_comparator,1000,-0.07803899905826076,0.027158694783481124,-0.14092842638112346,-0.03297664959277094
official,tim_sfsa,balanced22,2346,48h_bss,primary_minus_comparator,1000,0.001897974942713794,0.014024840878713016,-0.029747897147225998,0.026001241445823796
official,tim_sfsa,balanced22,2347,harrell_c_index,primary_minus_comparator,1000,0.001041083775470006,0.0006920942005949807,-0.0004506056495875848,0.0022795143164490105
official,tim_sfsa,balanced22,2347,uno_c_index,primary_minus_comparator,1000,0.004376875407862742,0.004426246159009069,-0.0012037370394450268,0.016156480360827657
official,tim_sfsa,balanced22,2347,integrated_auc,primary_minus_comparator,1000,0.0005747497254134566,0.0008571526810604566,-0.001160994737747567,0.002209566175378302
official,tim_sfsa,balanced22,2347,integrated_brier_score,comparator_minus_primary,1000,0.0014205234347285857,0.0007246705722004644,0.00024055669672615952,0.0029640712943645423
official,tim_sfsa,balanced22,2347,24h_tss,primary_minus_comparator,1000,-0.0022361636137804707,0.02365450275558047,-0.05735078758217764,0.03450212138557131
official,tim_sfsa,balanced22,2347,24h_hss2,primary_minus_comparator,1000,0.003799063911955097,0.013226679653534742,-0.025605453264323428,0.026183226700414595
official,tim_sfsa,balanced22,2347,24h_bss,primary_minus_comparator,1000,0.023878673994291524,0.01748933349817098,-0.011688363623319703,0.054913383392587056
official,tim_sfsa,balanced22,2347,48h_tss,primary_minus_comparator,1000,-0.0009070236583783856,0.018973901108748886,-0.04411464833130599,0.03083223088513493
official,tim_sfsa,balanced22,2347,48h_hss2,primary_minus_comparator,1000,0.0050723456434530806,0.012240241521784946,-0.02084031599951697,0.026777221875503486
official,tim_sfsa,balanced22,2347,48h_bss,primary_minus_comparator,1000,0.017766448044268933,0.011578318550023947,-0.004851358065337672,0.03964014921755516
official,tim_sfsa,bc_history,2345,harrell_c_index,primary_minus_comparator,1000,0.0006034160402324072,0.0020106658264511575,-0.003454097557807903,0.004422889879672067
official,tim_sfsa,bc_history,2345,uno_c_index,primary_minus_comparator,1000,-0.005527628479155339,0.010739497493830154,-0.031054233863254666,0.012115509947694883
official,tim_sfsa,bc_history,2345,integrated_auc,primary_minus_comparator,1000,-0.00033980649061038246,0.0020781168267498752,-0.00474411470209545,0.0035548700245610723
official,tim_sfsa,bc_history,2345,integrated_brier_score,comparator_minus_primary,1000,0.0011907169138286407,0.0011282427059323928,-0.0008737007488306799,0.003540220419530966
official,tim_sfsa,bc_history,2345,24h_tss,primary_minus_comparator,1000,-0.013072287465675266,0.016432260443501687,-0.05789760883841884,0.004024144869215101
official,tim_sfsa,bc_history,2345,24h_hss2,primary_minus_comparator,1000,0.0021259783560796594,0.010956223987615641,-0.020746987922280476,0.02344214618278134
official,tim_sfsa,bc_history,2345,24h_bss,primary_minus_comparator,1000,0.0025049780203515153,0.02965484593089488,-0.05704071273986331,0.062440765405594026
official,tim_sfsa,bc_history,2345,48h_tss,primary_minus_comparator,1000,-0.014632139938129675,0.027091006237253808,-0.0682367878921531,0.0383923580998223
official,tim_sfsa,bc_history,2345,48h_hss2,primary_minus_comparator,1000,-0.03377308179504752,0.02357491987156593,-0.08248844328603232,0.00760120932611698
official,tim_sfsa,bc_history,2345,48h_bss,primary_minus_comparator,1000,0.0059529845559974405,0.022016145795088572,-0.032996331235094614,0.052184728556913994
official,tim_sfsa,bc_history,2346,harrell_c_index,primary_minus_comparator,1000,0.0032303215347397832,0.0021627110591516756,-0.000531506452962785,0.007886242766423536
official,tim_sfsa,bc_history,2346,uno_c_index,primary_minus_comparator,1000,0.01264260529670873,0.011662803896320621,-0.0018001213142509465,0.042598233809517626
official,tim_sfsa,bc_history,2346,integrated_auc,primary_minus_comparator,1000,0.003645573395417808,0.0022853310809274256,-0.00029929900383759425,0.008611866449626962
official,tim_sfsa,bc_history,2346,integrated_brier_score,comparator_minus_primary,1000,0.0014845430876918083,0.0012051044800978994,-0.0007283204912001257,0.003846648874210316
official,tim_sfsa,bc_history,2346,24h_tss,primary_minus_comparator,1000,-0.01430416019651276,0.018958651407400853,-0.06696649599779013,0.0039101640736638466
official,tim_sfsa,bc_history,2346,24h_hss2,primary_minus_comparator,1000,0.0013803799917943764,0.009822500332159891,-0.020457315826994643,0.019970176333753902
official,tim_sfsa,bc_history,2346,24h_bss,primary_minus_comparator,1000,0.018859295161132224,0.030970627347438384,-0.043634780435059674,0.08086159281618699
official,tim_sfsa,bc_history,2346,48h_tss,primary_minus_comparator,1000,-0.006703920722406705,0.025141963521022687,-0.05424489554384969,0.050167879348199315
official,tim_sfsa,bc_history,2346,48h_hss2,primary_minus_comparator,1000,-0.04483133233259198,0.026858206856104065,-0.10067622098944567,0.006194288373203854
official,tim_sfsa,bc_history,2346,48h_bss,primary_minus_comparator,1000,0.012189678460933566,0.0238322725678026,-0.030827847663956742,0.06549303362569821
official,tim_sfsa,bc_history,2347,harrell_c_index,primary_minus_comparator,1000,0.0011753735506690704,0.002219921000330778,-0.0032431864860138185,0.0052002868019736396
official,tim_sfsa,bc_history,2347,uno_c_index,primary_minus_comparator,1000,0.0027250311475410485,0.011964868817937279,-0.01992620335287944,0.027507924365989752
official,tim_sfsa,bc_history,2347,integrated_auc,primary_minus_comparator,1000,0.0003698461584916263,0.0019400600208634006,-0.003580750397405197,0.004118755954791228
official,tim_sfsa,bc_history,2347,integrated_brier_score,comparator_minus_primary,1000,0.0013566830783194855,0.0012602241936763917,-0.0007693443746644505,0.004032402843146045
official,tim_sfsa,bc_history,2347,24h_tss,primary_minus_comparator,1000,-0.004027472962792262,0.027268378159026746,-0.06872811545273486,0.03324130625533975
official,tim_sfsa,bc_history,2347,24h_hss2,primary_minus_comparator,1000,0.11003995632643654,0.027396704392508447,0.06400291954102974,0.17045778336162748
official,tim_sfsa,bc_history,2347,24h_bss,primary_minus_comparator,1000,0.0005141408249229487,0.026012425971337825,-0.05294403839006436,0.05543591998207835
official,tim_sfsa,bc_history,2347,48h_tss,primary_minus_comparator,1000,0.005090816995990568,0.02145110261590279,-0.04533208513607082,0.03643028078704078
official,tim_sfsa,bc_history,2347,48h_hss2,primary_minus_comparator,1000,0.1244697414147004,0.030072711154594443,0.07532971057867809,0.1910627401054647
official,tim_sfsa,bc_history,2347,48h_bss,primary_minus_comparator,1000,0.0008363769439196617,0.023901350694494658,-0.037430139035855174,0.05434615125066302
official,tim_sfsa,legacy18,2345,harrell_c_index,primary_minus_comparator,1000,0.0007825066406586818,0.001129044133210015,-0.0014439404497333384,0.002961132942021205
official,tim_sfsa,legacy18,2345,uno_c_index,primary_minus_comparator,1000,-0.006223724504920608,0.005419069383225164,-0.019308564659484703,0.0015958432960914198
official,tim_sfsa,legacy18,2345,integrated_auc,primary_minus_comparator,1000,0.00020499602874372692,0.0014726610132203668,-0.0030250400390697957,0.002926013609860486
official,tim_sfsa,legacy18,2345,integrated_brier_score,comparator_minus_primary,1000,0.0009204479443607913,0.000662622117014357,-0.0003654619522390078,0.002275971335746865
official,tim_sfsa,legacy18,2345,24h_tss,primary_minus_comparator,1000,0.0,0.0,0.0,0.0
official,tim_sfsa,legacy18,2345,24h_hss2,primary_minus_comparator,1000,0.0,0.0,0.0,0.0
official,tim_sfsa,legacy18,2345,24h_bss,primary_minus_comparator,1000,0.027505451794917875,0.011323397789757142,0.0006376641407225385,0.045801851214796956
official,tim_sfsa,legacy18,2345,48h_tss,primary_minus_comparator,1000,0.011577808557981375,0.0037509832151140046,0.004711010467990323,0.019977674709584375
official,tim_sfsa,legacy18,2345,48h_hss2,primary_minus_comparator,1000,0.05112666862117962,0.01819526692558034,0.021346645805197042,0.09158343244608398
official,tim_sfsa,legacy18,2345,48h_bss,primary_minus_comparator,1000,0.01798805945139144,0.009809670365587194,-0.005942401919023725,0.03401715262089604
official,tim_sfsa,legacy18,2346,harrell_c_index,primary_minus_comparator,1000,0.005019796543682817,0.0019337721395153442,0.0018944511072877535,0.00946630384265744
official,tim_sfsa,legacy18,2346,uno_c_index,primary_minus_comparator,1000,0.0037006740856279164,0.006929462394216241,-0.00952507632822879,0.019105936454410135
official,tim_sfsa,legacy18,2346,integrated_auc,primary_minus_comparator,1000,0.004480707308372727,0.0023289620444985077,0.0008143587170899331,0.009801981630050608
official,tim_sfsa,legacy18,2346,integrated_brier_score,comparator_minus_primary,1000,0.0011638421647034592,0.000889865537099599,-0.0004621828221921211,0.003000006850158665
official,tim_sfsa,legacy18,2346,24h_tss,primary_minus_comparator,1000,0.023050396796311916,0.01739068191382449,0.0038721232218790645,0.06620995608127304
official,tim_sfsa,legacy18,2346,24h_hss2,primary_minus_comparator,1000,0.04481029194425436,0.01870472430549766,0.013758712631183593,0.08659364160075521
official,tim_sfsa,legacy18,2346,24h_bss,primary_minus_comparator,1000,0.04640084928403445,0.01443236949943213,0.01588836672240473,0.07481801046837586
official,tim_sfsa,legacy18,2346,48h_tss,primary_minus_comparator,1000,0.007563071477888654,0.013937700458631902,-0.010404925337186944,0.042917011662446866
official,tim_sfsa,legacy18,2346,48h_hss2,primary_minus_comparator,1000,-0.013080434925649026,0.018109489986759025,-0.048498749384803044,0.02198604588093571
official,tim_sfsa,legacy18,2346,48h_bss,primary_minus_comparator,1000,0.02717287471595042,0.015542975340831067,-0.00678534496954561,0.055928090487176625
official,tim_sfsa,legacy18,2347,harrell_c_index,primary_minus_comparator,1000,0.0033495633757399134,0.0011947349842440294,0.0009491828964327737,0.005634991002691284
official,tim_sfsa,legacy18,2347,uno_c_index,primary_minus_comparator,1000,-0.001310322071447688,0.005684529584598267,-0.01414456975970214,0.008700405867300058
official,tim_sfsa,legacy18,2347,integrated_auc,primary_minus_comparator,1000,0.0019733464672947246,0.00124465754988109,-0.00012519235821273616,0.004653635508597877
official,tim_sfsa,legacy18,2347,integrated_brier_score,comparator_minus_primary,1000,0.0012947016425499255,0.0006217485675719005,0.00022925511527670573,0.002617104987862083
official,tim_sfsa,legacy18,2347,24h_tss,primary_minus_comparator,1000,0.013135844227034038,0.011487578296905469,0.0,0.0365617688093106
official,tim_sfsa,legacy18,2347,24h_hss2,primary_minus_comparator,1000,0.007232479464577729,0.006361171585976869,0.0,0.020265314921887972
official,tim_sfsa,legacy18,2347,24h_bss,primary_minus_comparator,1000,0.030241382949436867,0.00987437973176834,0.00861121024258307,0.04732642465648573
official,tim_sfsa,legacy18,2347,48h_tss,primary_minus_comparator,1000,0.012231293994693089,0.009958198396791986,0.0,0.03338070554631869
official,tim_sfsa,legacy18,2347,48h_hss2,primary_minus_comparator,1000,0.0125160040140427,0.008327426034589375,0.0,0.030168116609217695
official,tim_sfsa,legacy18,2347,48h_bss,primary_minus_comparator,1000,0.02184777279626445,0.008716317555247877,0.0033907970976916296,0.037410063061213916
official,tim_sfsa,linear_cox,2345,harrell_c_index,primary_minus_comparator,1000,0.005138785074066115,0.007962111385525262,-0.008609659869315677,0.02262149098195037
official,tim_sfsa,linear_cox,2345,uno_c_index,primary_minus_comparator,1000,-0.004074818447248179,0.021227141924069416,-0.0440926672978793,0.040276608153570044
official,tim_sfsa,linear_cox,2345,integrated_auc,primary_minus_comparator,1000,0.007927271030673762,0.00887852420390914,-0.006531609436912866,0.02837935794028692
official,tim_sfsa,linear_cox,2345,integrated_brier_score,comparator_minus_primary,1000,0.000518137841077762,0.0014201395163269824,-0.002199285570370516,0.0035407497346769887
official,tim_sfsa,linear_cox,2345,24h_tss,primary_minus_comparator,1000,0.03863587966042895,0.02971106778669275,-0.014863536170957524,0.1058996751663934
official,tim_sfsa,linear_cox,2345,24h_hss2,primary_minus_comparator,1000,0.10422596333776318,0.029029934943501878,0.052918223014721,0.1659533932025566
official,tim_sfsa,linear_cox,2345,24h_bss,primary_minus_comparator,1000,-0.01602861904439543,0.0306129908414811,-0.06755300433985371,0.04832174225046825
official,tim_sfsa,linear_cox,2345,48h_tss,primary_minus_comparator,1000,0.045254832324840163,0.02938046401215404,-0.02187458360439793,0.09923932258282264
official,tim_sfsa,linear_cox,2345,48h_hss2,primary_minus_comparator,1000,0.16807401269732283,0.032668245034182336,0.10667540475094905,0.2396136230652802
official,tim_sfsa,linear_cox,2345,48h_bss,primary_minus_comparator,1000,0.000500748349092639,0.025127798827075182,-0.0439724379031089,0.05315963571538075
official,tim_sfsa,linear_cox,2346,harrell_c_index,primary_minus_comparator,1000,0.00894776814473855,0.008258951378949695,-0.005575532706450081,0.026353841102493836
official,tim_sfsa,linear_cox,2346,uno_c_index,primary_minus_comparator,1000,0.007803330486974714,0.02156679842166269,-0.03145309027980697,0.0523597834008869
official,tim_sfsa,linear_cox,2346,integrated_auc,primary_minus_comparator,1000,0.01198987890062725,0.009119425915381537,-0.003930753721372304,0.03168479770924308
official,tim_sfsa,linear_cox,2346,integrated_brier_score,comparator_minus_primary,1000,0.0008054554628197088,0.0014966803314886514,-0.0021385483428301324,0.0037523290545280765
official,tim_sfsa,linear_cox,2346,24h_tss,primary_minus_comparator,1000,0.0473825126499318,0.02422860247647672,0.012192054767630082,0.10288102776643393
official,tim_sfsa,linear_cox,2346,24h_hss2,primary_minus_comparator,1000,0.08602536902638229,0.024284114670200575,0.04383183361811253,0.13711870507139803
official,tim_sfsa,linear_cox,2346,24h_bss,primary_minus_comparator,1000,0.002760741285739559,0.033763442668548485,-0.056149210528503586,0.07477780348109217
official,tim_sfsa,linear_cox,2346,48h_tss,primary_minus_comparator,1000,0.05126541544582048,0.025530738340444652,-0.0038666223752304206,0.09834076827835658
official,tim_sfsa,linear_cox,2346,48h_hss2,primary_minus_comparator,1000,0.13560968508958057,0.03011195631815413,0.07930818329553449,0.19523021641276353
official,tim_sfsa,linear_cox,2346,48h_bss,primary_minus_comparator,1000,0.009563663577839764,0.026096734273638445,-0.03896622190622524,0.06396768679783739
official,tim_sfsa,linear_cox,2347,harrell_c_index,primary_minus_comparator,1000,0.00661573392117387,0.007968436130874387,-0.006775277928407935,0.024326701729514573
official,tim_sfsa,linear_cox,2347,uno_c_index,primary_minus_comparator,1000,0.0073771794984409675,0.02052775176524403,-0.03555467250451117,0.04704827206693212
official,tim_sfsa,linear_cox,2347,integrated_auc,primary_minus_comparator,1000,0.009283328867033184,0.009095187968012628,-0.005902596380466469,0.029612797198978906
official,tim_sfsa,linear_cox,2347,integrated_brier_score,comparator_minus_primary,1000,0.0004743296723297609,0.0014436810822517506,-0.0023360790514708116,0.0032964509550235306
official,tim_sfsa,linear_cox,2347,24h_tss,primary_minus_comparator,1000,0.035648098439413245,0.029144574549211953,-0.02066458577648641,0.09467928417943768
official,tim_sfsa,linear_cox,2347,24h_hss2,primary_minus_comparator,1000,0.10272648931993042,0.029036323703032423,0.050920041700384534,0.1670286870493249
official,tim_sfsa,linear_cox,2347,24h_bss,primary_minus_comparator,1000,-0.01999137496800516,0.031624847850769564,-0.07945373545595305,0.04292215954404283
official,tim_sfsa,linear_cox,2347,48h_tss,primary_minus_comparator,1000,0.03806640602879731,0.035541620927691774,-0.04663745215240084,0.09955079533484067
official,tim_sfsa,linear_cox,2347,48h_hss2,primary_minus_comparator,1000,0.20601859864630082,0.03459409562130084,0.14059790271332967,0.27718650845154735
official,tim_sfsa,linear_cox,2347,48h_bss,primary_minus_comparator,1000,-0.004512994202870871,0.02462327441704811,-0.0515523674695896,0.04575186128610004
official,tim_sfsa,logistic,2345,harrell_c_index,primary_minus_comparator,1000,0.012216222123794494,0.00951658748316003,-0.003332157588355961,0.033872633538614555
official,tim_sfsa,logistic,2345,uno_c_index,primary_minus_comparator,1000,0.004385373245310325,0.030675988184731204,-0.05559538270848656,0.06641632060499063
official,tim_sfsa,logistic,2345,integrated_auc,primary_minus_comparator,1000,0.007397412483540955,0.008986811573943257,-0.007183540231621415,0.027751841777255152
official,tim_sfsa,logistic,2345,integrated_brier_score,comparator_minus_primary,1000,0.0017958537730757222,0.0015261220026993078,-0.0010142917896251282,0.004885045743314433
official,tim_sfsa,logistic,2345,24h_tss,primary_minus_comparator,1000,0.07451975502280812,0.04603356549591297,0.012271587699170451,0.19301513722413938
official,tim_sfsa,logistic,2345,24h_hss2,primary_minus_comparator,1000,0.0048599864538074605,0.026014167403176573,-0.03879116186379339,0.06817828735672522
official,tim_sfsa,logistic,2345,24h_bss,primary_minus_comparator,1000,-0.008640673760932955,0.030086888321856846,-0.06260456442931786,0.052476230923719884
official,tim_sfsa,logistic,2345,48h_tss,primary_minus_comparator,1000,0.07890842550222774,0.040872016073729964,0.017773841792939945,0.17820984788216362
official,tim_sfsa,logistic,2345,48h_hss2,primary_minus_comparator,1000,-0.02487218559986548,0.02791285933137694,-0.07783488400245547,0.034231756663812785
official,tim_sfsa,logistic,2345,48h_bss,primary_minus_comparator,1000,0.011683583965074277,0.02636638234197119,-0.03206235855422702,0.06933282090923643
official,tim_sfsa,logistic,2346,harrell_c_index,primary_minus_comparator,1000,0.015768973110116033,0.009713006940706544,-0.000773658442990224,0.03707356478013552
official,tim_sfsa,logistic,2346,uno_c_index,primary_minus_comparator,1000,0.015203722234854146,0.03189583884096995,-0.04871226596892933,0.07821991183720936
official,tim_sfsa,logistic,2346,integrated_auc,primary_minus_comparator,1000,0.011223581622716179,0.00879262610869729,-0.003923945835668047,0.031176340122389325
official,tim_sfsa,logistic,2346,integrated_brier_score,comparator_minus_primary,1000,0.002090774960160131,0.0015714815114314475,-0.0010507013428898606,0.005141616432515228
official,tim_sfsa,logistic,2346,24h_tss,primary_minus_comparator,1000,0.08295047403805271,0.0492706380597167,0.012280462908614188,0.20992490556223725
official,tim_sfsa,logistic,2346,24h_hss2,primary_minus_comparator,1000,-0.014183051055660846,0.029771127335484645,-0.06938467012551078,0.049193466189492926
official,tim_sfsa,logistic,2346,24h_bss,primary_minus_comparator,1000,0.010605999526935427,0.03329353457833081,-0.04864941958889346,0.07919566428556661
official,tim_sfsa,logistic,2346,48h_tss,primary_minus_comparator,1000,0.08195175266450058,0.041263890844533364,0.017199795037108202,0.17573157366547948
official,tim_sfsa,logistic,2346,48h_hss2,primary_minus_comparator,1000,-0.059735404284612,0.0334144630302212,-0.13092013857209225,0.0006322053632884716
official,tim_sfsa,logistic,2346,48h_bss,primary_minus_comparator,1000,0.020800293854244922,0.02721112816419837,-0.028201936076255384,0.07793288010001168
official,tim_sfsa,logistic,2347,harrell_c_index,primary_minus_comparator,1000,0.013342944090396283,0.009464216765123695,-0.0021633126960772546,0.03461994850800349
official,tim_sfsa,logistic,2347,uno_c_index,primary_minus_comparator,1000,0.014545317692121626,0.031200348544778447,-0.051125909242450966,0.07406755854355905
official,tim_sfsa,logistic,2347,integrated_auc,primary_minus_comparator,1000,0.008524784947343846,0.008927074576372188,-0.005918074348654081,0.027650301726755186
official,tim_sfsa,logistic,2347,integrated_brier_score,comparator_minus_primary,1000,0.0017281349036715194,0.0015537942560345315,-0.0013355317925475155,0.004815142869333531
official,tim_sfsa,logistic,2347,24h_tss,primary_minus_comparator,1000,0.07237049480778143,0.043971513323716405,0.009363688329755662,0.17316493601117736
official,tim_sfsa,logistic,2347,24h_hss2,primary_minus_comparator,1000,0.0023721873163555147,0.025513501144411085,-0.042854661859551904,0.055371176169674484
official,tim_sfsa,logistic,2347,24h_bss,primary_minus_comparator,1000,-0.012563039031038175,0.03169614206998415,-0.07275521560080449,0.0507808551310194
official,tim_sfsa,logistic,2347,48h_tss,primary_minus_comparator,1000,0.07164838485498311,0.03208254431699192,0.016315973999939393,0.1447957788208255
official,tim_sfsa,logistic,2347,48h_hss2,primary_minus_comparator,1000,0.010788472733139124,0.020135788890303756,-0.029399816221054045,0.05213320236881461
official,tim_sfsa,logistic,2347,48h_bss,primary_minus_comparator,1000,0.006186367807098789,0.027017875858728668,-0.041542745629198165,0.06459004724510121
official,tim_sfsa,lstm_classifier,2345,harrell_c_index,primary_minus_comparator,1000,0.008457721635691706,0.003808801517553249,0.0010932661144205796,0.015818357345022523
official,tim_sfsa,lstm_classifier,2345,uno_c_index,primary_minus_comparator,1000,0.021101696163574327,0.015043678233349145,-0.0018175081865655,0.055297449452485506
official,tim_sfsa,lstm_classifier,2345,integrated_auc,primary_minus_comparator,1000,0.002264106144441577,0.0036183958983131994,-0.004998229134355348,0.009361485827281543
official,tim_sfsa,lstm_classifier,2345,integrated_brier_score,comparator_minus_primary,1000,0.0006336210771417033,0.0012319419645728856,-0.0014584896834146995,0.0032119258554942965
official,tim_sfsa,lstm_classifier,2345,24h_tss,primary_minus_comparator,1000,0.027728693458795525,0.030844761623518808,-0.044047558668676975,0.07555961399602541
official,tim_sfsa,lstm_classifier,2345,24h_hss2,primary_minus_comparator,1000,0.17523100678497527,0.03553057771668226,0.11423224178775741,0.2544682213276217
official,tim_sfsa,lstm_classifier,2345,24h_bss,primary_minus_comparator,1000,0.013306154453966816,0.024804346936994074,-0.02762957876363196,0.05872960122669219
official,tim_sfsa,lstm_classifier,2345,48h_tss,primary_minus_comparator,1000,0.021558492066605588,0.026274433769290242,-0.031149999395609456,0.0736614281521933
official,tim_sfsa,lstm_classifier,2345,48h_hss2,primary_minus_comparator,1000,-0.017362169820501476,0.024570337505841963,-0.07102384814010379,0.02558364453544007
official,tim_sfsa,lstm_classifier,2345,48h_bss,primary_minus_comparator,1000,0.015019229700091995,0.020040841946965905,-0.022676561879458955,0.05217027026041922
official,tim_sfsa,lstm_classifier,2346,harrell_c_index,primary_minus_comparator,1000,0.009152533095129438,0.004888808662731638,-0.00015874554166256104,0.019330934136919865
official,tim_sfsa,lstm_classifier,2346,uno_c_index,primary_minus_comparator,1000,0.017142964625187263,0.021053256652306455,-0.01966851464225353,0.06734837782395578
official,tim_sfsa,lstm_classifier,2346,integrated_auc,primary_minus_comparator,1000,0.004599289310605667,0.00475601759805746,-0.004700679157094425,0.014335970440121158
official,tim_sfsa,lstm_classifier,2346,integrated_brier_score,comparator_minus_primary,1000,0.0017083487545528754,0.0016472346660268951,-0.0009111523905241054,0.005264441130555597
official,tim_sfsa,lstm_classifier,2346,24h_tss,primary_minus_comparator,1000,0.05190157481168393,0.013767939784689627,0.028769128439284652,0.07926640757929118
official,tim_sfsa,lstm_classifier,2346,24h_hss2,primary_minus_comparator,1000,0.15683660019860787,0.029375977925980783,0.10444427652978479,0.2191994403700233
official,tim_sfsa,lstm_classifier,2346,24h_bss,primary_minus_comparator,1000,0.04733625316826972,0.023717322619033383,0.003330983632094338,0.0921624352765231
official,tim_sfsa,lstm_classifier,2346,48h_tss,primary_minus_comparator,1000,0.04042501485372683,0.022953478584689564,0.004616971581212765,0.0940372618799088
official,tim_sfsa,lstm_classifier,2346,48h_hss2,primary_minus_comparator,1000,0.06497857715709161,0.03311949682732802,0.002943195868450608,0.12676018719305834
official,tim_sfsa,lstm_classifier,2346,48h_bss,primary_minus_comparator,1000,0.03442137382717918,0.026228972963621252,-0.014408768383201364,0.0871848854221735
official,tim_sfsa,lstm_classifier,2347,harrell_c_index,primary_minus_comparator,1000,0.008593346393484065,0.0041882640303263444,0.00041171506965211047,0.016628647355849173
official,tim_sfsa,lstm_classifier,2347,uno_c_index,primary_minus_comparator,1000,0.027293983703969963,0.02536722073111272,-0.011937964488573812,0.0894897128292944
official,tim_sfsa,lstm_classifier,2347,integrated_auc,primary_minus_comparator,1000,0.00259481132386742,0.003659298085343232,-0.0049903074141150715,0.009274329849808196
official,tim_sfsa,lstm_classifier,2347,integrated_brier_score,comparator_minus_primary,1000,0.0007998093033641857,0.0012425108302400287,-0.0013004150596447296,0.0035743181444963835
official,tim_sfsa,lstm_classifier,2347,24h_tss,primary_minus_comparator,1000,0.016690468776418447,0.03277596559728195,-0.060161551871581655,0.06638965222326795
official,tim_sfsa,lstm_classifier,2347,24h_hss2,primary_minus_comparator,1000,0.14363484555588643,0.03062511921786248,0.08898238857479826,0.2090933528689886
official,tim_sfsa,lstm_classifier,2347,24h_bss,primary_minus_comparator,1000,0.022008655039002626,0.022780320228045353,-0.017633088758783975,0.06635282700128571
official,tim_sfsa,lstm_classifier,2347,48h_tss,primary_minus_comparator,1000,0.02169350049692426,0.02789556011554776,-0.040716474483531356,0.06706862780663408
official,tim_sfsa,lstm_classifier,2347,48h_hss2,primary_minus_comparator,1000,0.007228441828773307,0.018347548439467384,-0.033506451332568764,0.03840789623855714
official,tim_sfsa,lstm_classifier,2347,48h_bss,primary_minus_comparator,1000,0.01070830677077992,0.018776019215774008,-0.02502799958878873,0.047624286588818225
official,tim_sfsa,lstm_linear_cox,2345,harrell_c_index,primary_minus_comparator,1000,0.0015194152901659998,0.0027222766803868368,-0.004137317710749458,0.006390431577946589
official,tim_sfsa,lstm_linear_cox,2345,uno_c_index,primary_minus_comparator,1000,0.03403340990687704,0.024530361769760967,0.000732163581044751,0.09318569201589959
official,tim_sfsa,lstm_linear_cox,2345,integrated_auc,primary_minus_comparator,1000,-0.00027244255197006375,0.0034193436746988554,-0.008173486081640535,0.00565847322234531
official,tim_sfsa,lstm_linear_cox,2345,integrated_brier_score,comparator_minus_primary,1000,0.0005322877891885951,0.001097533710229829,-0.0012795126724560472,0.002914083349741117
official,tim_sfsa,lstm_linear_cox,2345,24h_tss,primary_minus_comparator,1000,-0.0006519718684383644,0.02175179878172115,-0.0518112660165257,0.033440566791035076
official,tim_sfsa,lstm_linear_cox,2345,24h_hss2,primary_minus_comparator,1000,0.004493787109711036,0.012431880015914176,-0.022337251864689968,0.026915663965631696
official,tim_sfsa,lstm_linear_cox,2345,24h_bss,primary_minus_comparator,1000,-0.0017415750890310555,0.020622817073223904,-0.03665423017539255,0.03755013691008919
official,tim_sfsa,lstm_linear_cox,2345,48h_tss,primary_minus_comparator,1000,0.00735872032596985,0.024589922546124646,-0.03991257045047395,0.056290687930690725
official,tim_sfsa,lstm_linear_cox,2345,48h_hss2,primary_minus_comparator,1000,-0.03117262970806585,0.023385053180102592,-0.082259490946492,0.009357603824522463
official,tim_sfsa,lstm_linear_cox,2345,48h_bss,primary_minus_comparator,1000,0.007225835466222564,0.017627708585760172,-0.026207387272550314,0.0405639209482693
official,tim_sfsa,lstm_linear_cox,2346,harrell_c_index,primary_minus_comparator,1000,0.005367745320612286,0.0031044655802929546,-0.0007826299749678799,0.011099177021911445
official,tim_sfsa,lstm_linear_cox,2346,uno_c_index,primary_minus_comparator,1000,0.005388859486916478,0.011434435868564394,-0.014492157645521381,0.03126493809134759
official,tim_sfsa,lstm_linear_cox,2346,integrated_auc,primary_minus_comparator,1000,0.0033084706220058587,0.003101911185706922,-0.0032921064225763684,0.009419673623419627
official,tim_sfsa,lstm_linear_cox,2346,integrated_brier_score,comparator_minus_primary,1000,0.0015205044886736027,0.0014463778918636155,-0.0007651221871160003,0.00467912910890409
official,tim_sfsa,lstm_linear_cox,2346,24h_tss,primary_minus_comparator,1000,0.03544206139441456,0.025517877901897214,-0.006958597023436997,0.08454838047087668
official,tim_sfsa,lstm_linear_cox,2346,24h_hss2,primary_minus_comparator,1000,-0.0029421222261955034,0.01906597395435583,-0.04174852243090506,0.03315178536265321
official,tim_sfsa,lstm_linear_cox,2346,24h_bss,primary_minus_comparator,1000,0.052939086642412564,0.020303720271985397,0.01541193538619441,0.09014739220967372
official,tim_sfsa,lstm_linear_cox,2346,48h_tss,primary_minus_comparator,1000,0.03949557716392163,0.02134565379136584,0.006801660125808386,0.08797613422345274
official,tim_sfsa,lstm_linear_cox,2346,48h_hss2,primary_minus_comparator,1000,0.06172981979202247,0.028761713951926404,0.007696122534528438,0.120574455897706
official,tim_sfsa,lstm_linear_cox,2346,48h_bss,primary_minus_comparator,1000,0.038337577540558665,0.01850701591207429,-0.0006853239321710277,0.07321547002813876
official,tim_sfsa,lstm_linear_cox,2347,harrell_c_index,primary_minus_comparator,1000,-0.002364267028795944,0.002574395145815097,-0.007613041282272676,0.0024604911360815293
official,tim_sfsa,lstm_linear_cox,2347,uno_c_index,primary_minus_comparator,1000,0.00013839628120556325,0.006105779666569852,-0.01004021071486301,0.015248783908239336
official,tim_sfsa,lstm_linear_cox,2347,integrated_auc,primary_minus_comparator,1000,-0.0038238376763472027,0.002588029963993783,-0.009871092630644323,0.00037806198457797894
official,tim_sfsa,lstm_linear_cox,2347,integrated_brier_score,comparator_minus_primary,1000,0.0009555614393775519,0.0007659593394338609,-0.00025493653390607635,0.0026784360691863244
official,tim_sfsa,lstm_linear_cox,2347,24h_tss,primary_minus_comparator,1000,0.000838361273164414,0.02369031624940051,-0.05474688379964757,0.03652523228197737
official,tim_sfsa,lstm_linear_cox,2347,24h_hss2,primary_minus_comparator,1000,0.019494654517252637,0.015449737118468372,-0.012076754477741461,0.05000676874030849
official,tim_sfsa,lstm_linear_cox,2347,24h_bss,primary_minus_comparator,1000,0.020232910985733887,0.013966849703759613,-0.006142648359317154,0.046928327095274606
official,tim_sfsa,lstm_linear_cox,2347,48h_tss,primary_minus_comparator,1000,0.0026986727876268544,0.01904350915541079,-0.04045952492229101,0.03370948736229492
official,tim_sfsa,lstm_linear_cox,2347,48h_hss2,primary_minus_comparator,1000,0.023443491175087466,0.015506365587856842,-0.007564859317112032,0.05568075945030407
official,tim_sfsa,lstm_linear_cox,2347,48h_bss,primary_minus_comparator,1000,0.020282506091728988,0.010483857761247635,0.0003659984357889335,0.04134899792091254
official,tim_sfsa,no_connector,2345,harrell_c_index,primary_minus_comparator,1000,0.03646764465585818,0.01760675508117469,0.010277426660243144,0.07709051990249283
official,tim_sfsa,no_connector,2345,uno_c_index,primary_minus_comparator,1000,0.024072919978055777,0.04328309334252186,-0.06347349068621502,0.10688677283032572
official,tim_sfsa,no_connector,2345,integrated_auc,primary_minus_comparator,1000,0.03642278582593096,0.019529912782228088,0.006650074981890525,0.08272501598234247
official,tim_sfsa,no_connector,2345,integrated_brier_score,comparator_minus_primary,1000,0.0021109815524130043,0.0014974661450203768,-0.00036723839919966815,0.005277127794472838
official,tim_sfsa,no_connector,2345,24h_tss,primary_minus_comparator,1000,-0.007021485337416246,0.01660714087094462,-0.050119631167661174,0.01194149134447654
official,tim_sfsa,no_connector,2345,24h_hss2,primary_minus_comparator,1000,0.03206937244535773,0.016697297037203088,0.0020985830929412365,0.06923683904350103
official,tim_sfsa,no_connector,2345,24h_bss,primary_minus_comparator,1000,0.04476071953028253,0.03334234512598207,-0.02617142764542464,0.10137548100464135
official,tim_sfsa,no_connector,2345,48h_tss,primary_minus_comparator,1000,0.003038382995117445,0.023726610030465535,-0.039579886636096046,0.059938116913629325
official,tim_sfsa,no_connector,2345,48h_hss2,primary_minus_comparator,1000,-0.002847293740595442,0.025175001464064192,-0.0496394007749684,0.047711152718670824
official,tim_sfsa,no_connector,2345,48h_bss,primary_minus_comparator,1000,0.03187359930383552,0.02390503933969333,-0.01677121572841045,0.07379129501347167
official,tim_sfsa,no_connector,2346,harrell_c_index,primary_minus_comparator,1000,0.0406300757753971,0.01682399524702273,0.014643722996919942,0.07930750550929166
official,tim_sfsa,no_connector,2346,uno_c_index,primary_minus_comparator,1000,0.04115555257162648,0.04366515165532645,-0.04573131851278332,0.12562604885634596
official,tim_sfsa,no_connector,2346,integrated_auc,primary_minus_comparator,1000,0.040202615904084846,0.018604938113210002,0.01165642273751436,0.08390772122226534
official,tim_sfsa,no_connector,2346,integrated_brier_score,comparator_minus_primary,1000,0.0021710373707214147,0.001621155222676797,-0.0008383296473350698,0.005503793045205794
official,tim_sfsa,no_connector,2346,24h_tss,primary_minus_comparator,1000,-0.0009557400588630088,0.0026245708685325095,-0.006765101336050494,0.00401223771817959
official,tim_sfsa,no_connector,2346,24h_hss2,primary_minus_comparator,1000,-0.004588190992667535,0.013220743738635916,-0.0335396405161055,0.02209679205561482
official,tim_sfsa,no_connector,2346,24h_bss,primary_minus_comparator,1000,0.061218641438530175,0.03260128517119013,-0.01452000174068677,0.11027170595715868
official,tim_sfsa,no_connector,2346,48h_tss,primary_minus_comparator,1000,0.0017214175302634506,0.02120188935706493,-0.023565467504432194,0.05154549495241901
official,tim_sfsa,no_connector,2346,48h_hss2,primary_minus_comparator,1000,-0.0598267302954156,0.02978556298781172,-0.12369303611967837,-0.0027706200460776874
official,tim_sfsa,no_connector,2346,48h_bss,primary_minus_comparator,1000,0.039790177445847265,0.02662282593786792,-0.019497120268140707,0.08407017653629012
official,tim_sfsa,no_connector,2347,harrell_c_index,primary_minus_comparator,1000,0.03192856574487368,0.015866126056855823,0.006975130149677803,0.06732690983170023
official,tim_sfsa,no_connector,2347,uno_c_index,primary_minus_comparator,1000,0.03441911409670425,0.03652547550088286,-0.04007594583948884,0.10232079320084723
official,tim_sfsa,no_connector,2347,integrated_auc,primary_minus_comparator,1000,0.026564727356671126,0.01630814624744668,0.0006108918586567038,0.06263153227831526
official,tim_sfsa,no_connector,2347,integrated_brier_score,comparator_minus_primary,1000,0.0022372736458879353,0.001328364102419765,-0.00020961195034622238,0.004939546354379929
official,tim_sfsa,no_connector,2347,24h_tss,primary_minus_comparator,1000,-0.010429103680264533,0.018433635514162147,-0.05648222085949262,0.009852703037847655
official,tim_sfsa,no_connector,2347,24h_hss2,primary_minus_comparator,1000,0.021809630343969006,0.01652163571133442,-0.008957336159676702,0.0582853853139682
official,tim_sfsa,no_connector,2347,24h_bss,primary_minus_comparator,1000,0.04405809175809446,0.031736800818790774,-0.03338362389210645,0.09525328722833049
official,tim_sfsa,no_connector,2347,48h_tss,primary_minus_comparator,1000,-0.0073582554497851,0.014672034789245446,-0.04535787437226764,0.01040492533718695
official,tim_sfsa,no_connector,2347,48h_hss2,primary_minus_comparator,1000,0.022256389349102106,0.016526549503410114,-0.007260312343775562,0.05822183709186383
official,tim_sfsa,no_connector,2347,48h_bss,primary_minus_comparator,1000,0.03155363702494085,0.02267205976888274,-0.015142049662763219,0.07108239920110629
official,tim_sfsa,no_lstm,2345,harrell_c_index,primary_minus_comparator,1000,0.06065075820988424,0.020740982210039324,0.02839082861795755,0.11386965456259211
official,tim_sfsa,no_lstm,2345,uno_c_index,primary_minus_comparator,1000,0.06478126192450537,0.04784553402141399,-0.03013574734077597,0.16516690465017964
official,tim_sfsa,no_lstm,2345,integrated_auc,primary_minus_comparator,1000,0.06498962490715737,0.023747885481884987,0.028682327283366914,0.12303727267960954
official,tim_sfsa,no_lstm,2345,integrated_brier_score,comparator_minus_primary,1000,0.0384668581745644,0.013389690675683671,0.015108693495793172,0.06548994770813885
official,tim_sfsa,no_lstm,2345,24h_tss,primary_minus_comparator,1000,0.09933573253690489,0.033618240357731796,0.026374741347607374,0.1601783376130342
official,tim_sfsa,no_lstm,2345,24h_hss2,primary_minus_comparator,1000,0.3293293916739034,0.04399680745989341,0.2494047689834546,0.4212202207882851
official,tim_sfsa,no_lstm,2345,24h_bss,primary_minus_comparator,1000,0.5035332296914619,0.1117693475640138,0.25408450879351746,0.6717089629689463
official,tim_sfsa,no_lstm,2345,48h_tss,primary_minus_comparator,1000,0.08669873538863604,0.03529280554913309,0.020650375459264365,0.16119526849538687
official,tim_sfsa,no_lstm,2345,48h_hss2,primary_minus_comparator,1000,0.24339471153006598,0.04037590248321528,0.172638129434978,0.3277648023153342
official,tim_sfsa,no_lstm,2345,48h_bss,primary_minus_comparator,1000,0.5699420963181553,0.09576057965051835,0.35753782366154024,0.7252771758000253
official,tim_sfsa,no_lstm,2346,harrell_c_index,primary_minus_comparator,1000,0.030090579237858333,0.01536826082639318,0.0059397887063521535,0.06461710537666766
official,tim_sfsa,no_lstm,2346,uno_c_index,primary_minus_comparator,1000,0.060351961370337846,0.03876631368626966,-0.0076645587170724805,0.14421079366787767
official,tim_sfsa,no_lstm,2346,integrated_auc,primary_minus_comparator,1000,0.03161503763055937,0.016391607842901258,0.005351290695093575,0.06737182984617911
official,tim_sfsa,no_lstm,2346,integrated_brier_score,comparator_minus_primary,1000,0.03665834683827827,0.011932066228396728,0.016091491635609124,0.060006548208147124
official,tim_sfsa,no_lstm,2346,24h_tss,primary_minus_comparator,1000,0.049081960608447064,0.026696796965964012,0.0115583732876547,0.11162839952884983
official,tim_sfsa,no_lstm,2346,24h_hss2,primary_minus_comparator,1000,0.08637562397368488,0.02621902198103086,0.03938845430256935,0.14643861363755142
official,tim_sfsa,no_lstm,2346,24h_bss,primary_minus_comparator,1000,0.4917547323150787,0.0994837084008763,0.2500398935957056,0.6459406696940122
official,tim_sfsa,no_lstm,2346,48h_tss,primary_minus_comparator,1000,0.06074147797781967,0.028604888615317382,0.013321441083212827,0.12312108039494415
official,tim_sfsa,no_lstm,2346,48h_hss2,primary_minus_comparator,1000,0.04588953993261977,0.029540545242080687,-0.010816874014066774,0.10547185871044848
official,tim_sfsa,no_lstm,2346,48h_bss,primary_minus_comparator,1000,0.5459682726770304,0.08214113474791698,0.3623372760757442,0.6766930601689358
official,tim_sfsa,no_lstm,2347,harrell_c_index,primary_minus_comparator,1000,0.06964118362248489,0.021527023647169706,0.03636405088767588,0.12129237653176447
official,tim_sfsa,no_lstm,2347,uno_c_index,primary_minus_comparator,1000,0.05332761913570367,0.02658631728331143,0.002961658522366359,0.10577546027907912
official,tim_sfsa,no_lstm,2347,integrated_auc,primary_minus_comparator,1000,0.0606086248743981,0.022036354015056953,0.025837914328553375,0.11569223756976656
official,tim_sfsa,no_lstm,2347,integrated_brier_score,comparator_minus_primary,1000,0.03646072879229809,0.011122363273109514,0.01676671923354297,0.05891556182454529
official,tim_sfsa,no_lstm,2347,24h_tss,primary_minus_comparator,1000,0.16192116260785094,0.047669194298240694,0.09226625078277786,0.2876696290951881
official,tim_sfsa,no_lstm,2347,24h_hss2,primary_minus_comparator,1000,0.2989521555879678,0.043028802474321316,0.2253846393665795,0.39161101844996093
official,tim_sfsa,no_lstm,2347,24h_bss,primary_minus_comparator,1000,0.4820867937908594,0.09715787092713406,0.2574407340715146,0.631460999416513
official,tim_sfsa,no_lstm,2347,48h_tss,primary_minus_comparator,1000,0.14799564147115393,0.040815813137187865,0.0720343196450288,0.23694303490831278
official,tim_sfsa,no_lstm,2347,48h_hss2,primary_minus_comparator,1000,0.31999196850981393,0.04597482161721018,0.23827776747416904,0.41532571616696107
official,tim_sfsa,no_lstm,2347,48h_bss,primary_minus_comparator,1000,0.5448836804411774,0.08133391798742326,0.35992287911300125,0.6731009378087164
official,tim_sfsa,no_pretraining,2345,harrell_c_index,primary_minus_comparator,1000,0.0003118284814854798,0.0016569141081373023,-0.003275738586476695,0.0035001882531707136
official,tim_sfsa,no_pretraining,2345,uno_c_index,primary_minus_comparator,1000,-0.000937763448854581,0.007494115878393326,-0.018541930184485966,0.011557017176712195
official,tim_sfsa,no_pretraining,2345,integrated_auc,primary_minus_comparator,1000,0.001113807472024831,0.0017863745571174458,-0.002598124820765546,0.0048137255922501695
official,tim_sfsa,no_pretraining,2345,integrated_brier_score,comparator_minus_primary,1000,0.0005469583950735658,0.0003500290633628022,-0.00014403615570027063,0.0012455964426614486
official,tim_sfsa,no_pretraining,2345,24h_tss,primary_minus_comparator,1000,0.0,0.0,0.0,0.0
official,tim_sfsa,no_pretraining,2345,24h_hss2,primary_minus_comparator,1000,0.0,0.0,0.0,0.0
official,tim_sfsa,no_pretraining,2345,24h_bss,primary_minus_comparator,1000,-0.004430854212371709,0.006435954627997919,-0.017845786953172172,0.007340079317461351
official,tim_sfsa,no_pretraining,2345,48h_tss,primary_minus_comparator,1000,-0.029471918486560025,0.03247687818592702,-0.10871821493260928,0.020720958635944423
official,tim_sfsa,no_pretraining,2345,48h_hss2,primary_minus_comparator,1000,0.0691909140919387,0.029687558006555682,0.015036363461317457,0.1300150665788509
official,tim_sfsa,no_pretraining,2345,48h_bss,primary_minus_comparator,1000,0.005801304941809406,0.006343992551565565,-0.007164266801842231,0.01849820571981969
official,tim_sfsa,no_pretraining,2346,harrell_c_index,primary_minus_comparator,1000,0.0015566239031270892,0.0017862571639853861,-0.001623534905923818,0.005465507747084596
official,tim_sfsa,no_pretraining,2346,uno_c_index,primary_minus_comparator,1000,0.006665039080353864,0.005547182060959185,-0.0016520508058925215,0.019437088580403054
official,tim_sfsa,no_pretraining,2346,integrated_auc,primary_minus_comparator,1000,0.0023651430236924743,0.002260567502745061,-0.0014619834328664148,0.007337160318954199
official,tim_sfsa,no_pretraining,2346,integrated_brier_score,comparator_minus_primary,1000,0.0009724397591049105,0.0004875900187000361,5.379976006676702e-05,0.001953025663721501
official,tim_sfsa,no_pretraining,2346,24h_tss,primary_minus_comparator,1000,0.010518681563527001,0.02519223930767984,-0.039840155081062145,0.06334828193967589
official,tim_sfsa,no_pretraining,2346,24h_hss2,primary_minus_comparator,1000,0.05316798791622254,0.02245826876601524,0.015393006372530632,0.105015003186813
official,tim_sfsa,no_pretraining,2346,24h_bss,primary_minus_comparator,1000,0.01315114703979441,0.008142414078374724,-0.0064188204421348795,0.02609289969499601
official,tim_sfsa,no_pretraining,2346,48h_tss,primary_minus_comparator,1000,-0.0011575844614513423,0.020097910215538504,-0.04185362878027445,0.040278502352905164
official,tim_sfsa,no_pretraining,2346,48h_hss2,primary_minus_comparator,1000,-0.0006313350975105118,0.01625798358267162,-0.033658787024799144,0.03201029754527214
official,tim_sfsa,no_pretraining,2346,48h_bss,primary_minus_comparator,1000,0.014270882069512165,0.007316480950614951,-0.0022195274483241927,0.02661446507754265
official,tim_sfsa,no_pretraining,2347,harrell_c_index,primary_minus_comparator,1000,-2.0957474717675505e-07,0.0023807439413105437,-0.004774181279916923,0.00446564105450761
official,tim_sfsa,no_pretraining,2347,uno_c_index,primary_minus_comparator,1000,0.0057381749431778106,0.009746351598897151,-0.012001340747980881,0.027758821792399614
official,tim_sfsa,no_pretraining,2347,integrated_auc,primary_minus_comparator,1000,0.0004035679276179425,0.0028486859556858548,-0.005527974898945309,0.005594985468961884
official,tim_sfsa,no_pretraining,2347,integrated_brier_score,comparator_minus_primary,1000,0.0010012410462631651,0.00035721234359260145,0.0003822425420346918,0.0017596704231860822
official,tim_sfsa,no_pretraining,2347,24h_tss,primary_minus_comparator,1000,0.01211969539433672,0.011553179264338347,-0.0029386572913696783,0.0355171397913931
official,tim_sfsa,no_pretraining,2347,24h_hss2,primary_minus_comparator,1000,0.0018192744513025518,0.008822966447472214,-0.01630389408685074,0.01672082668041099
official,tim_sfsa,no_pretraining,2347,24h_bss,primary_minus_comparator,1000,0.005968374349034115,0.008089493657150715,-0.008708324592458802,0.021858693984833682
official,tim_sfsa,no_pretraining,2347,48h_tss,primary_minus_comparator,1000,-0.0281920629132643,0.030346449197175312,-0.10147768536810006,0.013213705138852058
official,tim_sfsa,no_pretraining,2347,48h_hss2,primary_minus_comparator,1000,0.048431539413030425,0.025864490232471084,-0.0023431255285656844,0.10108406218145813
official,tim_sfsa,no_pretraining,2347,48h_bss,primary_minus_comparator,1000,0.01134500810037315,0.005215218094533293,0.0014073322398734328,0.021655128790422844
official,tim_sfsa,svm,2345,harrell_c_index,primary_minus_comparator,1000,0.05730043203454706,0.025437388978856716,0.019219919192200167,0.118988070589867
official,tim_sfsa,svm,2345,uno_c_index,primary_minus_comparator,1000,0.07728888161280324,0.060668006168103854,-0.03711846704081498,0.21145613921309533
official,tim_sfsa,svm,2345,integrated_auc,primary_minus_comparator,1000,0.033032064181630794,0.018355653096850322,0.005700511028889074,0.07525657788175626
official,tim_sfsa,svm,2345,integrated_brier_score,comparator_minus_primary,1000,0.00305923285918138,0.0014263633348173344,0.00044612530530688867,0.0058398788556781435
official,tim_sfsa,svm,2345,24h_tss,primary_minus_comparator,1000,0.028074592223175755,0.017848442422562602,0.005946334474874549,0.07055379828191223
official,tim_sfsa,svm,2345,24h_hss2,primary_minus_comparator,1000,0.06681320982699637,0.025704267206879784,0.022125143447641344,0.12776363068033678
official,tim_sfsa,svm,2345,24h_bss,primary_minus_comparator,1000,0.09562449089872586,0.056253758929990995,0.006399112596497792,0.21551293238256897
official,tim_sfsa,svm,2345,48h_tss,primary_minus_comparator,1000,0.06914808535605864,0.0370545028398419,0.014302006023053098,0.16292617558776853
official,tim_sfsa,svm,2345,48h_hss2,primary_minus_comparator,1000,-0.01497900296202408,0.02636321127156419,-0.06834627264786959,0.03837924772249575
official,tim_sfsa,svm,2345,48h_bss,primary_minus_comparator,1000,0.05833174914793813,0.03161262866779717,0.005229080507809164,0.12523702307461385
official,tim_sfsa,svm,2346,harrell_c_index,primary_minus_comparator,1000,0.059782764026568465,0.024692136601129996,0.02266763473341718,0.1190185776636172
official,tim_sfsa,svm,2346,uno_c_index,primary_minus_comparator,1000,0.08508072627298142,0.06576348250576933,-0.03703382500464791,0.2268952705564243
official,tim_sfsa,svm,2346,integrated_auc,primary_minus_comparator,1000,0.03597815118100734,0.01777180689297023,0.010216986039139776,0.07627706813485008
official,tim_sfsa,svm,2346,integrated_brier_score,comparator_minus_primary,1000,0.003300360869512133,0.0015642565217978614,0.0004478124031634289,0.006603516379256666
official,tim_sfsa,svm,2346,24h_tss,primary_minus_comparator,1000,0.03657498389236264,0.02461266909294203,0.0010136947080194413,0.09479002521876263
official,tim_sfsa,svm,2346,24h_hss2,primary_minus_comparator,1000,0.04094433847894268,0.025705607774259173,-0.005171649558863706,0.0975845366687565
official,tim_sfsa,svm,2346,24h_bss,primary_minus_comparator,1000,0.11297910094311103,0.05803921503819023,0.02026279432665068,0.24340037876483758
official,tim_sfsa,svm,2346,48h_tss,primary_minus_comparator,1000,0.07170423763121772,0.037577225450712785,0.013643565343251274,0.15994983998766352
official,tim_sfsa,svm,2346,48h_hss2,primary_minus_comparator,1000,-0.04927303963800386,0.0318138561648816,-0.11631298106418783,0.007222260131244041
official,tim_sfsa,svm,2346,48h_bss,primary_minus_comparator,1000,0.06682868124748215,0.033315769597074205,0.012639347816510866,0.1390114967413658
official,tim_sfsa,svm,2347,harrell_c_index,primary_minus_comparator,1000,0.05413862399586254,0.023179472121600958,0.018336292155163726,0.10476851710524142
official,tim_sfsa,svm,2347,uno_c_index,primary_minus_comparator,1000,0.07849198099707899,0.06510195331176608,-0.03992917815186292,0.2234750159355429
official,tim_sfsa,svm,2347,integrated_auc,primary_minus_comparator,1000,0.03161385745916019,0.017169920917543928,0.005300299052353375,0.07133515293639779
official,tim_sfsa,svm,2347,integrated_brier_score,comparator_minus_primary,1000,0.002864020961701961,0.001530959841370137,-7.726764785033766e-05,0.005907387989319028
official,tim_sfsa,svm,2347,24h_tss,primary_minus_comparator,1000,0.030424539186913065,0.017152819681664884,0.008744251172213552,0.07437329907763053
official,tim_sfsa,svm,2347,24h_hss2,primary_minus_comparator,1000,0.07905755795891042,0.02614858516084199,0.034020138232280575,0.14001168416288165
official,tim_sfsa,svm,2347,24h_bss,primary_minus_comparator,1000,0.08694109097047661,0.05829673312406583,-0.007106189615345158,0.20847257553519868
official,tim_sfsa,svm,2347,48h_tss,primary_minus_comparator,1000,0.062194347764924315,0.02846919753318454,0.013703222017592366,0.1203595979220446
official,tim_sfsa,svm,2347,48h_hss2,primary_minus_comparator,1000,0.021397590388255304,0.018059979456456904,-0.011981728765218913,0.05952470402560922
official,tim_sfsa,svm,2347,48h_bss,primary_minus_comparator,1000,0.05192220630747906,0.03398007176476289,-0.004263978212478333,0.12902364354278975
official,tim_sfsa,validation_pruned,2345,harrell_c_index,primary_minus_comparator,1000,-0.002450754824009773,0.002380182505959396,-0.007492486938999679,0.002320696929774565
official,tim_sfsa,validation_pruned,2345,uno_c_index,primary_minus_comparator,1000,0.006213485994603345,0.014348675874928907,-0.014627581044787383,0.04087057532651243
official,tim_sfsa,validation_pruned,2345,integrated_auc,primary_minus_comparator,1000,-0.0022749824881913598,0.0025899776040636028,-0.007861674414625578,0.0027336636949180588
official,tim_sfsa,validation_pruned,2345,integrated_brier_score,comparator_minus_primary,1000,0.0001179647416641102,0.0007391125344463686,-0.0013174550181340844,0.001676624140303285
official,tim_sfsa,validation_pruned,2345,24h_tss,primary_minus_comparator,1000,0.014949634432156383,0.004130890479377139,0.00775156936441972,0.023622047244094446
official,tim_sfsa,validation_pruned,2345,24h_hss2,primary_minus_comparator,1000,0.07076710399740084,0.021778903335318928,0.03421650380016485,0.11763117868561919
official,tim_sfsa,validation_pruned,2345,24h_bss,primary_minus_comparator,1000,-0.024967236446449513,0.010677523203944465,-0.044639172530221295,-0.0029864719892998067
official,tim_sfsa,validation_pruned,2345,48h_tss,primary_minus_comparator,1000,0.015220630680789004,0.019862719007018054,-0.009122267172750253,0.06223079393746538
official,tim_sfsa,validation_pruned,2345,48h_hss2,primary_minus_comparator,1000,0.0038902467914716504,0.02591433004990712,-0.05054861557661495,0.0573811346609467
official,tim_sfsa,validation_pruned,2345,48h_bss,primary_minus_comparator,1000,-0.01135978448522415,0.01280411298338158,-0.0320806829478156,0.01808223277239762
official,tim_sfsa,validation_pruned,2346,harrell_c_index,primary_minus_comparator,1000,0.0039015138328116687,0.003580077411349839,-0.0016702841286487468,0.012249799640860598
official,tim_sfsa,validation_pruned,2346,uno_c_index,primary_minus_comparator,1000,0.038396963027418476,0.03193038950014994,-0.0027384964266153862,0.11574993749194515
official,tim_sfsa,validation_pruned,2346,integrated_auc,primary_minus_comparator,1000,0.0044852202127051224,0.003652494180736914,-0.0012889570760194814,0.012473270229807284
official,tim_sfsa,validation_pruned,2346,integrated_brier_score,comparator_minus_primary,1000,0.0009747766769516844,0.0010453951601267514,-0.0009329661781425421,0.0031551104297189245
official,tim_sfsa,validation_pruned,2346,24h_tss,primary_minus_comparator,1000,0.031867912509098865,0.017731043970478436,0.00985149089782943,0.07544417490240109
official,tim_sfsa,validation_pruned,2346,24h_hss2,primary_minus_comparator,1000,0.08081968144960686,0.024633987145073807,0.03877093552670083,0.13422183981655866
official,tim_sfsa,validation_pruned,2346,24h_bss,primary_minus_comparator,1000,-0.026375945930283317,0.02177747670696145,-0.06856979619381283,0.022619667188463578
official,tim_sfsa,validation_pruned,2346,48h_tss,primary_minus_comparator,1000,0.014216075590044973,0.030314249029686716,-0.04220809239894113,0.07595524979934051
official,tim_sfsa,validation_pruned,2346,48h_hss2,primary_minus_comparator,1000,0.08629110015578738,0.030812583320171557,0.02594023525951599,0.1489340869342866
official,tim_sfsa,validation_pruned,2346,48h_bss,primary_minus_comparator,1000,-0.0025391567229751987,0.02003129318888074,-0.037240622773863405,0.04142826899596854
official,tim_sfsa,validation_pruned,2347,harrell_c_index,primary_minus_comparator,1000,-0.0010834699814365847,0.0023329449958795225,-0.005682325296672711,0.0033637796454237226
official,tim_sfsa,validation_pruned,2347,uno_c_index,primary_minus_comparator,1000,0.0006543459386773195,0.011540717983656702,-0.02250863539894648,0.024096211415290752
official,tim_sfsa,validation_pruned,2347,integrated_auc,primary_minus_comparator,1000,-0.00023481696669455976,0.00258010020339334,-0.005487535263525805,0.005181553267787124
official,tim_sfsa,validation_pruned,2347,integrated_brier_score,comparator_minus_primary,1000,-0.0003974306305236273,0.0009772292357170156,-0.0023134995041272774,0.0014823483973067423
official,tim_sfsa,validation_pruned,2347,24h_tss,primary_minus_comparator,1000,0.006363147452278769,0.018798040538508014,-0.03647331370126968,0.03003685503685502
official,tim_sfsa,validation_pruned,2347,24h_hss2,primary_minus_comparator,1000,0.09499108278408844,0.026605673120680066,0.05211372225408891,0.15573551529807547
official,tim_sfsa,validation_pruned,2347,24h_bss,primary_minus_comparator,1000,-0.042789174707793594,0.014437765019103637,-0.06687371772883037,-0.010079533404580033
official,tim_sfsa,validation_pruned,2347,48h_tss,primary_minus_comparator,1000,-0.024122605351280604,0.03515103801652533,-0.10885296670675991,0.024831715502894546
official,tim_sfsa,validation_pruned,2347,48h_hss2,primary_minus_comparator,1000,0.11638693376503803,0.03579610943958153,0.05400435242194362,0.19305305198815526
official,tim_sfsa,validation_pruned,2347,48h_bss,primary_minus_comparator,1000,-0.021564146863513777,0.01577197752705867,-0.04827306096152806,0.012912549146326665
