replicate,harrell_c_index,uno_c_index,event_event_pairs,event_event_fraction,event_event_c_index,event_censored_pairs,event_censored_fraction,event_censored_c_index,12h_auc,12h_average_precision,12h_tss,12h_hss2,12h_far,12h_precision,12h_recall,12h_f1,12h_alert_fraction,12h_brier,12h_km_reference_brier,12h_bss,12h_predicted_survival_mean,12h_observed_survival_km,24h_auc,24h_average_precision,24h_tss,24h_hss2,24h_far,24h_precision,24h_recall,24h_f1,24h_alert_fraction,24h_brier,24h_km_reference_brier,24h_bss,24h_predicted_survival_mean,24h_observed_survival_km,48h_auc,48h_average_precision,48h_tss,48h_hss2,48h_far,48h_precision,48h_recall,48h_f1,48h_alert_fraction,48h_brier,48h_km_reference_brier,48h_bss,48h_predicted_survival_mean,48h_observed_survival_km,72h_auc,72h_average_precision,72h_tss,72h_hss2,72h_far,72h_precision,72h_recall,72h_f1,72h_alert_fraction,72h_brier,72h_km_reference_brier,72h_bss,72h_predicted_survival_mean,72h_observed_survival_km,144h_auc,144h_average_precision,144h_tss,144h_hss2,144h_far,144h_precision,144h_recall,144h_f1,144h_alert_fraction,144h_brier,144h_km_reference_brier,144h_bss,144h_predicted_survival_mean,144h_observed_survival_km,integrated_brier_score,integrated_auc
0,0.8741865010923306,0.7869066516498919,4424,0.10174091024078376,0.6292947558770343,39059,0.8982590897592162,0.9019176118180189,0.8739572479388897,0.15799181909144763,0.5603440608370696,0.254257251746646,0.8061666522213949,0.1938333477786051,0.6813405021182083,0.3018063451468512,0.14480408858603067,0.0414812772068393,0.039039945042684536,-0.06253421108778512,0.9415243365577188,0.9594771451675713,0.9074407689447106,0.2934309239513841,0.690105262759996,0.42036103376173906,0.665023326155766,0.33497667384423396,0.7956714815699767,0.47146653906914354,0.1520572450805009,0.05253073937470117,0.05938817054628971,0.11546796455438146,0.9188044796610311,0.9366764886301123,0.9154005731115306,0.5534471638274207,0.7238922494800948,0.5701595543833897,0.4941647168756223,0.5058352831243778,0.813137100738676,0.6236877141679256,0.17373737373737375,0.06104791935694603,0.09032497352212558,0.32413022693007476,0.8977508893330982,0.8992204611536558,0.9238857584062116,0.6569794050235558,0.7408091579196525,0.6442947290431504,0.39686516901167246,0.6031348309883275,0.8113381251740608,0.6919132400083361,0.17849462365591398,0.06310314772922784,0.10771843011859199,0.4141842982695274,0.8835075274050036,0.8779445509852963,0.8913466791849441,0.6484463469133315,0.6258883570853375,0.615376245487869,0.33549589850092026,0.6645041014990798,0.6925550237520041,0.6782396510717275,0.2247191011235955,0.09251614610338865,0.14319417877508034,0.35391126304996856,0.8571959886825706,0.8318986477996841,0.06832669232785826,0.9089567267990227
1,0.8903313585985997,0.8690564227230929,9513,0.13483289395356748,0.5536634079680437,61041,0.8651671060464325,0.9427925492701626,0.8924436260655513,0.32743424485922956,0.6953383807564308,0.450962968186367,0.6210499344916653,0.37895006550833477,0.836931301110413,0.5216876910676667,0.20926517571884984,0.06722995375390826,0.08379739268617031,0.19770828663260176,0.927885910562869,0.9074385298424039,0.9122301374809507,0.47608124869950597,0.749252878944445,0.6000885968480646,0.4571003548093909,0.542899645190609,0.8627986956775126,0.6664489700755604,0.2227891156462585,0.08010328216026352,0.11667364057034027,0.3134414785662678,0.8997819288690344,0.8656288484218343,0.9156362314103363,0.5637281627363441,0.7622176358103345,0.6639242381961379,0.3690476457895159,0.6309523542104841,0.8658320936416599,0.7299632203128854,0.2548262548262548,0.083520135756601,0.1382061712441543,0.39568446904549026,0.8738801219837294,0.8348899470956348,0.9414279407547059,0.7254131167852826,0.8156241083462101,0.7653923233503093,0.24563885574886618,0.7543611442511338,0.8844946317621881,0.8142612574771017,0.2651356993736952,0.07416450916664977,0.15664227365090905,0.5265357975336094,0.8565319513665975,0.8074462356402635,0.9383806678865678,0.8441510262154144,0.7436984203233559,0.769552288236764,0.13312854864280751,0.8668714513571925,0.7816731038676596,0.8220707118761705,0.3162162162162162,0.07919344364812732,0.18301237594959535,0.5672782059835204,0.8251587626430182,0.762985580798139,0.07773168538559386,0.9296993862503092
2,0.8991949774694952,0.8287537929516267,3442,0.08714585917917816,0.6095293434049971,36055,0.9128541408208218,0.9268340036056025,0.9099347327920855,0.28322710628526016,0.6454967862207657,0.4072585797679554,0.6719239364256302,0.3280760635743697,0.7365748531352638,0.45395645568282306,0.12937062937062938,0.04452733790105519,0.052420485822943806,0.15057372700719773,0.9519700482560614,0.943622944699807,0.9314370280459067,0.43235093184709555,0.7279299451366383,0.5439867183527812,0.536721716794317,0.463278283205683,0.8046976219043153,0.5880221087374468,0.13703703703703704,0.0494208421000426,0.06932080167491039,0.28707053429923446,0.932721514005216,0.9238595993941953,0.9187575607349883,0.5387377086618066,0.6974580756216082,0.6247163523023233,0.39840451302067487,0.6015954869793252,0.7623619217754544,0.672504124602698,0.15833333333333333,0.06472639165293709,0.09881417053999789,0.3449685272950076,0.9145542219851227,0.8869380746593423,0.9265793815261357,0.6038948128855866,0.7344294372487621,0.6898258845226674,0.31740191213778085,0.6825980878622191,0.7850961039154288,0.7302680658178119,0.16441441441441443,0.06683023694407647,0.10823503030759307,0.3825452189170949,0.9020775512678105,0.8753041113525462,0.91514098557238,0.6749938117125284,0.7099593755757216,0.7051591225304479,0.2606165271803301,0.7393834728196699,0.7513127590343681,0.7453003839120882,0.19941348973607037,0.07375913695751903,0.12156967425945123,0.39327683974784733,0.8786469478351568,0.859066891042365,0.06494964309593897,0.9219435011596875
3,0.8915695768929863,0.8426030409446602,4984,0.10540340488527017,0.6440609951845907,42301,0.8945965951147298,0.9207110943003711,0.9254905243547549,0.314090614089592,0.7315761370107825,0.3846315969551838,0.7091680733292486,0.2908319266707515,0.8464171264100758,0.4329133059712783,0.15525876460767946,0.04018470056715875,0.04955109656073458,0.18902499931753236,0.9415389463456952,0.9480177970749151,0.9388790314017837,0.432529128128193,0.7957801436566108,0.5311139230359957,0.5712331679758862,0.4287668320241138,0.8948092698702029,0.5797392916946027,0.16548042704626334,0.04855146817179168,0.07047971248094861,0.31112845863388505,0.9184647074832065,0.9237518381459866,0.915144277636222,0.4436082861503509,0.7122787273208924,0.5213549789143791,0.5495925125855999,0.4504074874144001,0.8201438958602182,0.5814781776091555,0.1908548707753479,0.0619652322337514,0.08758603184337835,0.2925215250696841,0.896931218870843,0.9029045337162149,0.9150892635825298,0.542109408299752,0.7008169917373126,0.6031751370577253,0.4284101722237921,0.5715898277762079,0.7891286800490009,0.6629702230527982,0.20261437908496732,0.07582087272233647,0.11489468504568916,0.3400837236971802,0.8823027902721965,0.8680229448379165,0.8907906214321357,0.6787485143036045,0.5843887388273747,0.5815475537132817,0.34824247609165876,0.6517575239083413,0.6598604369405824,0.6557839513376515,0.2395543175487465,0.0989162325695475,0.15334497053684473,0.3549430918845783,0.855234880643868,0.814781243932483,0.07426201869152346,0.9121892075617293
4,0.8961096374889478,0.8484070101040802,8968,0.13673858351757262,0.6667038358608386,56617,0.8632614164824274,0.9324231237967395,0.9251844099906694,0.4587093106424047,0.7430411491918743,0.4398246645918382,0.6494252392567673,0.35057476074323274,0.8775544235281574,0.5010033732730931,0.19381107491856678,0.05013388351508297,0.06851295999949483,0.2682569324774082,0.9290259952427125,0.9257957988873017,0.9461580555041877,0.6670959982358191,0.8068154948154718,0.5989225170215331,0.4893528553037281,0.5106471446962719,0.9150832113509049,0.6555021109761269,0.2045060658578856,0.05523122755841177,0.09551092688671886,0.42172870310515365,0.9021259532392697,0.8918946898476522,0.917416370021978,0.7131517173185113,0.6984635087901516,0.6274211276710786,0.3798367067415709,0.620163293258429,0.7955508874309284,0.6969930301377523,0.23333333333333334,0.07722523568306902,0.13521955183626388,0.4288900189775784,0.8775968570155857,0.8381646576578342,0.9265389973864413,0.7741250465986328,0.711106390947225,0.6711053577763952,0.31243605456058526,0.6875639454394147,0.7939635338043679,0.7369430638116761,0.25164113785557984,0.07365336189406797,0.146986151885386,0.49890951664956873,0.8612474580935722,0.8191940125115683,0.9050587725592185,0.7786916223397471,0.6448702386754659,0.656458670143616,0.2456797425498276,0.7543202574501724,0.7159999457884365,0.7346607388673617,0.30601092896174864,0.09723135609329751,0.1803943075556685,0.4610065172744292,0.8316489346861357,0.7633724348910045,0.07715197911976925,0.921635848683545
5,0.8717425002279566,0.8710267330470667,6815,0.1242864698265643,0.5829787234042553,48018,0.8757135301734357,0.9127202299137823,0.8793629307524294,0.24643218057366234,0.6391513513311398,0.35130100604270587,0.720419151371085,0.27958084862891497,0.7701248026585735,0.4102333746862738,0.17218543046357615,0.05025798076156201,0.05647126139640369,0.11002553300920892,0.9370462262823435,0.9391130238872656,0.9100112316055211,0.42568247152421024,0.7292222875167154,0.5345285467933719,0.5394872660371423,0.46051273396285775,0.8376560224564743,0.5943006456046294,0.1863799283154122,0.06169744126499351,0.08619061585341437,0.28417449331232014,0.9121124445593455,0.9022941303685841,0.8821259435722808,0.4972348389866007,0.6390390798731145,0.5046431970668777,0.529333065480456,0.47066693451954406,0.7640390798731145,0.5824996839493003,0.22088353413654618,0.07696924466763555,0.10628545737774897,0.27582524865956703,0.8887773800202063,0.875464569105903,0.8801939729009477,0.5500752784791099,0.6451092778551142,0.5727785952073182,0.4272911030957174,0.5727088969042826,0.7510875387246795,0.6498801540845498,0.2336244541484716,0.09870464230210152,0.13209063993247633,0.25275066914235156,0.8728825616299826,0.8399853123322404,0.867140739523697,0.6101917434435292,0.5998695992026226,0.5730037175616942,0.37263152113935744,0.6273684788606425,0.7061688118010478,0.6644404417946554,0.29201101928374656,0.12296023537964544,0.16584295335819368,0.2585742541977565,0.8433763951476398,0.7899278565152931,0.09411935608735317,0.8810134827367216
6,0.8959502258806129,0.8480154534513034,7338,0.11799324650265317,0.6297356227855001,54852,0.8820067534973468,0.9315430613286663,0.9148546433151696,0.42654413108990874,0.7348119724987481,0.482716869522387,0.6055415337612499,0.3944584662387502,0.8445680700597237,0.5377560783245838,0.1696,0.05512650254264139,0.07250251101153586,0.23966078176423122,0.9317423162950382,0.9212150220389399,0.9444817661189392,0.656689447074913,0.8096280686642219,0.6541082307440418,0.42270144692998585,0.5772985530700141,0.890865979689367,0.7005967377339724,0.17857142857142858,0.05704608063426957,0.09988417497165525,0.42887769108111573,0.9060877073908609,0.8884466813488783,0.9239612333371279,0.6988599601299386,0.7245232811461555,0.6778017983619189,0.321078423216419,0.678921576783581,0.7936477051092891,0.7318155525706108,0.2018867924528302,0.07727870551509092,0.13493044875006313,0.4272700770584611,0.8827617834906801,0.843370486426231,0.9209149522853719,0.7293984158851541,0.7122154516274168,0.6881859576133679,0.28660028263756104,0.713399717362439,0.7760452388614593,0.7434050540112849,0.21920668058455114,0.08057180636427502,0.14484857205605986,0.4437514625060176,0.8672222491833618,0.8286556289437124,0.9158045353880961,0.7730751033320442,0.7086788002254989,0.7192741019077189,0.21141512727742212,0.7885848727225779,0.7579212244679232,0.7729490538919664,0.2691292875989446,0.08894036000966532,0.16545393071566242,0.4624463763117721,0.8390007839286324,0.7969663971911829,0.07789073533990935,0.9230132593469114
7,0.8995636923603387,0.8531498746567379,1471,0.06292240568055436,0.6430999320190347,21907,0.9370775943194456,0.9167845894006482,0.9511522388455403,0.27250039654660707,0.7962190584066406,0.3809916705500699,0.7357364291365797,0.26426357086342034,0.854827117014699,0.40372003602587403,0.07857142857142857,0.019586282509699612,0.024733842324021114,0.20811808156965061,0.9625438926690721,0.9761549656338306,0.9501071664545355,0.3454052196223044,0.8048841111360308,0.5098466146346817,0.6113630905381368,0.3886369094618632,0.8562675103455168,0.5346228250113775,0.08349146110056926,0.02764690465001347,0.03789765237890882,0.27048503232881504,0.9468537617071839,0.9631723984882024,0.9179254206839589,0.40902528654800946,0.6545095131110645,0.5014357787998461,0.5708357160634971,0.4291642839365029,0.7065457122060871,0.5339817130732757,0.09341825902335456,0.039262018566328674,0.053322486069270314,0.26368739605793945,0.9315447556205515,0.9473175042744862,0.913405377914859,0.46995081125351873,0.6567948862650321,0.5621900543232858,0.4846578312869431,0.5153421687130569,0.7013493417105767,0.5941274146915964,0.0979498861047836,0.04595767257626102,0.06675628586047821,0.3115603724222562,0.9206916306541337,0.9337791730607866,0.8862134560530049,0.5847244003679761,0.5554890575885398,0.5847191760604821,0.3394453357984302,0.6605546642015698,0.5868479426059615,0.6215237062195348,0.11641791044776119,0.06479758546431015,0.09889845091182183,0.3448068714232553,0.8994229621556812,0.8980305320290861,0.046182816550954714,0.9135317809355401
8,0.9276494023904382,0.8640684242135064,3223,0.08562244301578024,0.6670803599131244,34419,0.9143775569842197,0.9520323077370058,0.9280602088387653,0.40640796835042825,0.685901365676874,0.37335432544121555,0.7162425087332497,0.2837574912667503,0.7835072588628775,0.41662774702755834,0.13134851138353765,0.03660038198322119,0.04381339247264798,0.16463026673704295,0.9394561989753019,0.953604327123809,0.9542747270224021,0.6284122822464977,0.7881351979750042,0.5748749184915151,0.5223024866718569,0.4776975133281431,0.8624323867300242,0.6148386160725259,0.1367837338262477,0.03980126438453827,0.06690917686689633,0.4051449106343713,0.9174900493182471,0.9266619583850834,0.9641533427167495,0.7858676405547596,0.8068903700677654,0.6628008544510066,0.41252085143661854,0.5874791485633815,0.8745232203093113,0.7028226052224104,0.16204690831556504,0.041126354488139054,0.08553118860138521,0.5191654043321339,0.8979408432907544,0.9034688392909693,0.9627112161762615,0.8128591779593403,0.8175463908311891,0.7229362728310733,0.3289593608197734,0.6710406391802266,0.8726428095639713,0.7586772912311917,0.17411764705882352,0.04510510743679434,0.09800216285849805,0.5397539592884286,0.8851385879893635,0.8872263708667313,0.9313024854052308,0.7696419946888206,0.7150396090739692,0.7122765090797757,0.24629621073162888,0.7537037892683711,0.7608729424073025,0.7572713984714252,0.22468354430379747,0.06929610552278703,0.12582153569360044,0.44925083658542897,0.8622703284043727,0.8467136526820378,0.049869412987294054,0.9516819273915658
9,0.9053628431581188,0.8528385274680949,4809,0.10234092360076612,0.5982532751091703,42181,0.8976590763992339,0.9403759986723881,0.9271751098596177,0.3821561082550471,0.7048514522079565,0.4513274579746579,0.635958436445079,0.3640415635549209,0.8041294305473069,0.5011878169804174,0.14789915966386555,0.046991243879856405,0.06095483220349198,0.2290809082538272,0.9480524835173816,0.934635085750384,0.9284624409970335,0.42736032534938817,0.7265717598212973,0.522019181913401,0.5591262560063881,0.44087374399361184,0.8207601365748043,0.5736237745445036,0.16029143897996356,0.054204642026746734,0.0741574726524504,0.2690602836374354,0.9268923533273284,0.9186982728473041,0.9145556472864689,0.5312930897424011,0.6625707401430521,0.5702502296049843,0.4567968995774285,0.5432031004225716,0.7460974222776229,0.6286857499285061,0.176,0.06990367163852852,0.10290223668209329,0.32067879287707524,0.9067642232641675,0.8823151219183449,0.9188888510027733,0.5631593050802708,0.6940818453562163,0.6404219785899552,0.36550198254651767,0.6344980174534823,0.7595268715342268,0.6914055810596961,0.1812227074235808,0.07347216032173566,0.11470495928817784,0.35946831961163406,0.8928742624302752,0.8670921732602751,0.9190965286142746,0.6867870216035199,0.6846645487360299,0.6944032858024373,0.2411701768362959,0.7588298231637041,0.7320953787755556,0.7452229073499186,0.2303206997084548,0.08005266884755001,0.14099891484724072,0.4322462060486092,0.8667318938829757,0.8291643539631625,0.07078696146242709,0.9198397728047468
10,0.8918377779671125,0.8108500556493123,1585,0.06754741103771575,0.6485804416403785,21880,0.9324525889622842,0.9094149908592322,0.9241705021286829,0.20101061455238922,0.670083001995647,0.3109605207032702,0.7787706322617508,0.22122936773824922,0.7477529049082684,0.3414405135100795,0.09792843691148775,0.025099113538059492,0.027187074652220488,0.07679977124682902,0.9592156943805152,0.9726191361531507,0.9440980787959086,0.33737123845797806,0.7702682724281886,0.4749903228014679,0.6365976418076663,0.36340235819233374,0.8366583139219643,0.5067137209734434,0.10276679841897234,0.03160486767910118,0.04149152330380187,0.23828133646264016,0.9427262393157828,0.9571861089896428,0.898262879796945,0.41450846382553674,0.6106959253716222,0.4558677062597704,0.6050486854854602,0.39495131451453985,0.6831959253716222,0.5005422614168915,0.12009237875288684,0.046423387317187745,0.057685756658420795,0.1952365712722085,0.9269961443802724,0.9376277889359194,0.91018606020984,0.522294506810697,0.6605016362309781,0.5221254104990033,0.5384615953140091,0.461538404685991,0.7269836306908121,0.5646186694981923,0.12814070351758794,0.048895450892990286,0.06685603581166583,0.2686456757512621,0.9160585078628768,0.9275529436253835,0.885656470018399,0.5904306014468486,0.5824943537121241,0.5760408243093891,0.38352794344297797,0.6164720565570221,0.6322868848324562,0.6242793277507762,0.15463917525773196,0.06664722232274445,0.09641887613539471,0.30877412189335085,0.8951107110449105,0.8873064928893623,0.04984791849656831,0.9065883436133318
11,0.8902344026627009,0.8677440903231822,6154,0.10895699438749314,0.5658108547286318,50327,0.8910430056125068,0.9298984640451448,0.9024494467751257,0.3244062811509435,0.68897277210091,0.46071643329632506,0.6181700856404424,0.3818299143595575,0.7937685092234679,0.5156260093890902,0.15875613747954173,0.05721894704710463,0.06945034042073704,0.1761171118749515,0.9443580828327236,0.9247960958624788,0.9174486295908197,0.43680589021647465,0.7414757909602212,0.5824796656778904,0.48631470292821966,0.5136852970717802,0.8295384132694188,0.6344761233324466,0.16898954703832753,0.06646076165495705,0.09059538218251244,0.26640011826357823,0.9217904432164341,0.8991369551200388,0.9072490039908725,0.6190304575734766,0.6889810833801615,0.6508225754394025,0.335560385771998,0.6644396142280021,0.7600595147527106,0.709040308271682,0.19678714859437751,0.08297523807709127,0.12901810764427019,0.35687137571517247,0.900357183075441,0.848724710173973,0.9150741317588813,0.6841647849273118,0.7013738907052958,0.6929050030186716,0.26598585701224753,0.7340141429877524,0.756470309438078,0.745073059935862,0.20434782608695654,0.08234181433850338,0.13915513654952036,0.40827326694332366,0.8855752079859991,0.8335908732160637,0.9082119898072702,0.7240982661283661,0.685742574164419,0.7025733236278621,0.21536317189528617,0.7846368281047138,0.7349229020332714,0.7589666445037133,0.2621082621082621,0.08940138655417842,0.15557726015699383,0.4253569804226979,0.8577393309953769,0.8067861711857877,0.08107477356151993,0.9115298338375339
12,0.9484357423003253,0.9395688478684011,2340,0.071170047750844,0.6611111111111111,30539,0.928829952249156,0.970431251841907,0.955365707489064,0.5157312340362709,0.8167841129600837,0.4948675712655962,0.6229412471232225,0.37705875287677754,0.895028387769244,0.5305898894791088,0.12115732368896925,0.030666814672830833,0.04595602525141801,0.33269218769339537,0.9456000588257204,0.9506543428580768,0.9711836046529831,0.7597748026519475,0.8457092517973668,0.6537876575688849,0.4480532983449161,0.5519467016550837,0.903921310009425,0.6853868367435705,0.12619502868068833,0.030736284744930766,0.06627384079836411,0.5362229746357261,0.9253611336895057,0.926603523763851,0.9680270208099676,0.8335224571351145,0.8237722102271214,0.6907358242576643,0.3846329516678835,0.6153670483321165,0.8787961336720973,0.7238596016508585,0.14498933901918976,0.03369115944506377,0.08097157305789678,0.5839137345031729,0.9070307006199028,0.9086948344891301,0.9716279575427014,0.8550324972152721,0.843421217558121,0.7839239396802343,0.2505214154024385,0.7494785845975614,0.8788435608823717,0.8090222563406363,0.15258215962441316,0.035055406958988775,0.095393037974905,0.6325160860459147,0.8948358466455284,0.8903789822221181,0.9536797230909362,0.8240905811438293,0.7889938576312079,0.764762422125501,0.23180832762218692,0.7681916723778132,0.8251384359444609,0.7956473950257897,0.20382165605095542,0.0459253680773957,0.1090771266106463,0.5789642658874987,0.8726432914458484,0.8723626803610293,0.03698344412837103,0.9652784819806869
13,0.9168634663211352,0.8786686671775078,4346,0.09085207793293754,0.6449608835710998,43490,0.9091479220670624,0.9440101172683375,0.939764037215463,0.4532086322154808,0.8084170869784482,0.5195939331552041,0.5886410981877103,0.4113589018122898,0.9058435575666834,0.5657851735716505,0.1567291311754685,0.04525188940644785,0.06373458174371471,0.2899947223563535,0.9354328243702202,0.9315680356686784,0.959537258272299,0.667831471669197,0.8321522803062629,0.6751398072601864,0.40804054493001096,0.591959455069989,0.9022925608673852,0.7149003072412758,0.1622103386809269,0.04815895522181357,0.09126350040996425,0.47230869947482834,0.9114491206008405,0.8982472977527911,0.9465872004140217,0.7569230607700624,0.7745808186654735,0.6789856679484999,0.36452714676212816,0.6354728532378718,0.8446742766093985,0.7252894820922248,0.18687872763419483,0.054140699793808214,0.1106860430290636,0.5108624510174953,0.8897909976676982,0.8730493002595457,0.9452187811825462,0.7636376723964778,0.7797617055118966,0.7027799016297259,0.3296469040474317,0.6703530959525683,0.8441946952026181,0.7472970226765524,0.20042643923240938,0.060521024469318015,0.12094119618308595,0.4995830504462788,0.8754440665369769,0.860152288315644,0.9233056480180815,0.7460350307843463,0.7255758562981853,0.7000087517182704,0.2825159584896531,0.717484041510347,0.7815460055519167,0.7481461599633514,0.24369747899159663,0.07411298118574743,0.13613127315400667,0.45557710973655063,0.8495568945940074,0.8395898524276417,0.06068807441437046,0.9411958523298776
14,0.8991448924837767,0.8817035459791603,9930,0.1312519826583483,0.573313192346425,65726,0.8687480173416516,0.9483613790585157,0.9055368283647169,0.44333181696785995,0.6933964975523188,0.4839170080239546,0.5815165937224759,0.4184834062775242,0.8291989666881213,0.5562409401306867,0.2119309262166405,0.07188597872488198,0.0951318303784834,0.2443540880178322,0.9245169004683129,0.8956959659979206,0.9288182635128602,0.6108358561360128,0.7608801806645953,0.616333372126409,0.44154003793542,0.55845996206458,0.8696180447422651,0.6801405216838773,0.22148760330578512,0.07601717439309279,0.12051653916150135,0.36923865452837157,0.8961547268699032,0.8629877024429734,0.9357876565141925,0.7558521722731799,0.7797776197895105,0.716747078819322,0.2973076420168108,0.7026923579831891,0.8625199365743806,0.774445958732111,0.2504638218923933,0.08026954088574333,0.154445783329959,0.48027366526248927,0.8704767199136917,0.8168346055865521,0.9461490420904511,0.8035574120159698,0.7915735789072844,0.7708684407771154,0.20924483385977982,0.7907551661402202,0.8472764966791676,0.818040679073385,0.2544731610337972,0.07799284207134533,0.167826424148749,0.5352767452030187,0.8534869669459635,0.7968064525971489,0.9356301341793543,0.8012154495604189,0.740739073111996,0.7408861986093949,0.20243077957908703,0.797569220420913,0.7971300505556052,0.7973495750159889,0.31343283582089554,0.08719008823461417,0.18250739911838115,0.5222654607112153,0.8230530689720852,0.7720281935071852,0.08036813324661733,0.9371870630345365
15,0.9164580057842737,0.8661618724898322,5429,0.10538678054935456,0.6638423282372444,46086,0.8946132194506454,0.9462092609469254,0.931160038266369,0.4539901346159577,0.7709664223177619,0.47325282648690065,0.6256543199830922,0.3743456800169078,0.8845195358708754,0.5260548356804206,0.1711864406779661,0.04621472332149044,0.06430973948660743,0.28137287306046843,0.9283016180243928,0.9301817434802783,0.9498385463542149,0.6509667034269196,0.8145936340076705,0.6249129937834015,0.4639493363441739,0.5360506636558262,0.902947047662289,0.6727256900250022,0.17857142857142858,0.05006585173243677,0.08990964367508937,0.44315370758934325,0.9018884516329319,0.8986950177520647,0.9466505276446674,0.7407473593714982,0.790450424030678,0.6590826722444086,0.4023328623460419,0.5976671376539581,0.8766975102777643,0.710778425528727,0.20594059405940593,0.055859447837612014,0.11027886571207694,0.49347096130410517,0.8782333953709957,0.8722833323927468,0.9452838796775063,0.7560229505083267,0.8078096175293641,0.7175196240960205,0.32519960304127404,0.674800396958726,0.8788622491083115,0.7634303316380795,0.21935483870967742,0.06422160425429094,0.12503036035358242,0.4863519222637286,0.8627026819369421,0.8527823516354894,0.9375519995355797,0.7911930441995088,0.7549047773437683,0.7299714626595701,0.25357031268522207,0.7464296873147779,0.8102553308493033,0.7770340514541125,0.2608695652173913,0.0716213167693511,0.14768722320157304,0.5150473059433334,0.8350321047826814,0.8219566312694897,0.06197049111453103,0.9434027646609643
16,0.9114908513479375,0.8367483507460842,6287,0.11348785154698726,0.6543661523779227,49111,0.8865121484530127,0.9443709148663232,0.9343096237677037,0.5259669802166811,0.7622665572075227,0.48974919804444134,0.6059888335028315,0.3940111664971686,0.8713574662984317,0.5426475144618521,0.16917922948073702,0.045894397077136995,0.06763020589196156,0.3213920248823027,0.9263129247223124,0.925959697742892,0.9650560055504264,0.7927200519688357,0.837897556811654,0.6843276271466713,0.39654909189424625,0.6034509081057537,0.9131008088441742,0.7266636622156261,0.1767857142857143,0.04203833787490407,0.09662111047194592,0.5649156000219024,0.9000666698393655,0.8896109721995612,0.9474018975410592,0.8077568293166985,0.7732107872377094,0.685083873442011,0.3518179371076098,0.6481820628923902,0.8466705028775198,0.7342485081298109,0.2003968253968254,0.053133668576681066,0.11633608121832324,0.5432743821156633,0.8769547667354644,0.8626097930438008,0.9417930264815587,0.8078551286607194,0.7503183048905089,0.7064693759436971,0.29495202534549664,0.7050479746545034,0.8119805032819298,0.7547455009896752,0.21120689655172414,0.06073948707955994,0.1301718647273655,0.533390051630789,0.8619514206848155,0.8435440362983712,0.926706101754166,0.8134590690551318,0.7182587685292021,0.7332215468753444,0.19955800482470745,0.8004419951752926,0.758849174433261,0.7790908575118388,0.248,0.07181565487686908,0.15430494742763168,0.5345861809742017,0.835421281069423,0.8094070397504697,0.05915245049573943,0.9415302751345767
17,0.8981812000679925,0.8541088826795514,7841,0.12120509491127188,0.6010712919270501,56851,0.8787949050887282,0.9391215633849889,0.8999347352506673,0.38842526676337225,0.6830857150280989,0.435167388537851,0.6386858693354625,0.36131413066453755,0.8142913887869642,0.5005335214561629,0.19093851132686085,0.06038670825106777,0.07577405943008451,0.20306885093327232,0.9240450601556678,0.9177619877761769,0.9331448017937038,0.6028216220337799,0.7720699491085874,0.6104749617183574,0.4593438555810833,0.5406561444189167,0.8710990753221796,0.6672049954339025,0.19796954314720813,0.06406392007475825,0.10548660658633563,0.3926819513117519,0.8959754985547248,0.881301939428267,0.9317952544187634,0.6946417045727477,0.7538721105456239,0.6651028185455952,0.3658449710814934,0.6341550289185066,0.8400399109991387,0.7227206112674871,0.22014925373134328,0.07272059988340343,0.1315434884643141,0.44717446121910087,0.8707952846004811,0.8471059438458488,0.9414001304557176,0.7612401953859704,0.7728172384071395,0.7125859946845226,0.30238630750582796,0.6976136924941719,0.8440640577455619,0.7638829112425488,0.2318548387096774,0.07051215471852926,0.14337155033168125,0.5081858670328686,0.8542456242440546,0.8309418973148133,0.934211316900738,0.8010782400092583,0.7544174647606106,0.7658214135511423,0.17511093826591476,0.8248890617340854,0.7930139559886806,0.8086375152674682,0.263681592039801,0.0796615211297306,0.16864044556938385,0.5276250554203179,0.8247492729496231,0.7976808041316569,0.0720694196607079,0.9346826865162274
18,0.8928486112015984,0.8056991489830777,4796,0.10415445088713705,0.6755629691409508,41251,0.895845549112863,0.918111076095125,0.9184186222148938,0.24286009910846973,0.75044749997494,0.3792574274789388,0.7177321979609937,0.28226780203900625,0.8652015983355957,0.42566460317477106,0.153713298791019,0.03998568650874191,0.04554618261317617,0.12208478922722377,0.9421085555063751,0.9514906403935072,0.9283200051239658,0.3443394359508758,0.7832343143964025,0.5062176268273785,0.5957018353875305,0.40429816461246937,0.8838260303727339,0.554805574349957,0.1618181818181818,0.051113147453060656,0.06537285186527281,0.218128841030219,0.9195374441404334,0.9282600876000422,0.9217139009622602,0.5629084900872368,0.6851085887394275,0.5637566859396766,0.47974921865389863,0.5202507813461014,0.7772744873569389,0.6233060258965735,0.184,0.06653091113790506,0.10058179441010195,0.33853923040347933,0.8986440401224095,0.884228108318766,0.9176122820413753,0.5879464941789555,0.6938891681009269,0.6079623310659968,0.41618532014217935,0.5838146798578207,0.7785452527570117,0.6672629407424959,0.20088300220750552,0.07698846511323212,0.11566268730765145,0.3343707732775538,0.8845565790449039,0.864543552720682,0.902090939216626,0.6054847021395775,0.6398712783409155,0.6116338429784073,0.3555507369166559,0.6444492630833442,0.7187243249358974,0.6795632861960573,0.2446236559139785,0.10854621741924331,0.15244577329149214,0.2879683373595956,0.8587470422726323,0.8175396985703647,0.0784833544927664,0.9156217333212087
19,0.9014621911521425,0.8529448183577305,3129,0.0834978918716977,0.6363055289229785,34345,0.9165021081283022,0.9256078031736789,0.9350136793866585,0.3070873227436843,0.7871253821472126,0.47179968113559123,0.6400884102795058,0.3599115897204943,0.8674173529501323,0.5087365702826212,0.12110726643598616,0.03863083399814513,0.0465127544854351,0.16945718598020454,0.954095890461893,0.9515444923690155,0.9400819937208278,0.36806503242061156,0.8265437099244473,0.5736320942137593,0.5387381079475148,0.4612618920524853,0.8975496270842105,0.6093640411039477,0.12844036697247707,0.04694263652877979,0.059589040238758134,0.21222700784082815,0.9353735403249271,0.9370919301873293,0.9241717514693714,0.5826892641876091,0.734228127109019,0.6415119562122367,0.40085396642308546,0.5991460335769144,0.7944690909644406,0.6831197455717283,0.14861995753715498,0.05784475667501438,0.08807800779192726,0.34325539229196655,0.9174625901564718,0.901410977377835,0.9176866119376151,0.5876146065429433,0.6997555613192279,0.6399741445957305,0.37722241589041566,0.6227775841095844,0.7551645322954812,0.6826114644861799,0.15454545454545454,0.06311435025010353,0.09719174012045546,0.3506202258352181,0.9050038812740355,0.8904122599950554,0.8969203688366928,0.5888963782513287,0.6436025028152055,0.6309382106802662,0.33200967450125946,0.6679903254987406,0.6999934802588146,0.6836175556422509,0.20294117647058824,0.08705664039526184,0.1253763731909451,0.30563759199927776,0.8812196395432487,0.8542808663660894,0.06536783702986097,0.9170437170430774
